0.07 , 1.73 , 4.87 , 8.63
0.14 , 2.83 , 5.0200000000000005 , 7.930000000000001
0.21 , 2.5100000000000002 , 5.1000000000000005 , 8.790000000000001
0.28 , 4.63 , 5.42 , 8.01
0.35000000000000003 , 3.45 , 3.37 , 8.950000000000001
0.42 , 2.83 , 3.22 , 8.01
0.49 , 3.3000000000000003 , 3.45 , 7.8500000000000005
0.56 , 3.61 , 4.0 , 5.8100000000000005
0.63 , 3.77 , 3.77 , 7.0600000000000005
0.7000000000000001 , 3.45 , 3.3000000000000003 , 5.89
0.77 , 2.67 , 1.96 , 6.75
0.84 , 2.35 , 0.71 , 7.46
0.91 , 4.32 , -0.16 , 9.89
0.98 , 6.28 , -0.47000000000000003 , 12.16
1.05 , 11.620000000000001 , 0.55 , 12.09
1.12 , 14.05 , 0.55 , 10.59
1.19 , 14.44 , 0.31 , 7.61
1.26 , 13.26 , -0.24 , 5.1000000000000005
1.33 , 11.22 , -0.08 , 2.12
1.4000000000000001 , 10.36 , 0.9400000000000001 , -0.24
1.474 , 8.71 , 2.43 , -0.63
1.54 , 7.53 , 3.22 , -1.26
1.61 , 4.32 , 3.69 , -1.8800000000000001
1.68 , 2.5100000000000002 , 4.39 , -1.8800000000000001
1.75 , 0.16 , 4.55 , -0.55
1.82 , -0.47000000000000003 , 3.77 , 1.1
1.8900000000000001 , -0.31 , 2.98 , 3.3000000000000003
1.96 , 1.18 , 1.96 , 7.3
2.0300000000000002 , 3.06 , 0.63 , 11.3
2.1 , 6.36 , -0.55 , 16.25
2.17 , 7.38 , -1.41 , 17.42
2.24 , 10.91 , -1.57 , 14.13
2.31 , 13.81 , -1.41 , 11.85
2.38 , 15.15 , -1.18 , 9.97
2.45 , 14.75 , -0.47000000000000003 , 5.8100000000000005
2.52 , 12.24 , 0.24 , 3.37
2.591 , 10.99 , 1.41 , 2.5100000000000002
2.661 , 9.81 , 2.2 , 2.2
2.73 , 8.32 , 3.22 , 1.41
2.8000000000000003 , 5.57 , 3.85 , 0.71
2.87 , 2.35 , 4.79 , 0.24
2.94 , 0.78 , 4.63 , -0.08
3.0100000000000002 , -0.63 , 4.0 , 0.0
3.08 , -0.55 , 4.08 , 1.02
3.1510000000000002 , -0.31 , 3.22 , 5.18
3.22 , 1.6500000000000001 , 2.35 , 8.08
3.29 , 2.2800000000000002 , 1.02 , 13.5
3.361 , 3.69 , -1.02 , 14.75
3.43 , 6.98 , -1.96 , 14.83
3.5 , 8.950000000000001 , -2.12 , 12.56
3.571 , 11.77 , -1.8800000000000001 , 12.870000000000001
3.64 , 13.42 , -1.73 , 11.620000000000001
3.71 , 14.13 , -1.26 , 8.01
3.7800000000000002 , 12.09 , -0.16 , 4.87
3.851 , 10.52 , 1.41 , 3.92
3.92 , 9.1 , 2.35 , 2.9
3.99 , 6.98 , 3.3000000000000003 , 3.14
4.0600000000000005 , 6.04 , 4.47 , 2.35
4.13 , 3.14 , 4.79 , 2.2800000000000002
4.2 , 1.02 , 5.1000000000000005 , 1.02
4.2700000000000005 , -1.57 , 4.24 , 1.26
4.34 , -0.63 , 4.47 , 1.33
4.41 , 0.39 , 3.77 , 3.5300000000000002
4.48 , 1.8800000000000001 , 3.69 , 7.3
4.55 , 1.33 , 1.8800000000000001 , 10.200000000000001
4.62 , 3.61 , 0.39 , 12.09
4.69 , 6.04 , -0.63 , 13.58
4.76 , 8.55 , -1.02 , 13.58
4.83 , 10.200000000000001 , -1.1 , 13.89
4.9 , 11.14 , -1.02 , 12.48
4.971 , 12.4 , -1.6500000000000001 , 11.540000000000001
5.04 , 13.81 , -1.26 , 8.16
5.11 , 11.07 , -0.31 , 4.47
5.18 , 8.55 , 1.33 , 3.69
5.25 , 7.46 , 2.75 , 2.75
5.32 , 5.8100000000000005 , 3.85 , 2.35
5.39 , 4.24 , 4.87 , 2.04
5.46 , 3.92 , 5.49 , 2.2800000000000002
5.53 , 2.43 , 5.96 , 1.73
5.6000000000000005 , 0.71 , 5.18 , 1.81
5.67 , -0.39 , 4.32 , 2.59
5.74 , -0.55 , 3.92 , 4.39
5.8100000000000005 , 0.71 , 3.45 , 6.04
5.88 , 1.96 , 2.59 , 7.7700000000000005
5.95 , 2.98 , 1.57 , 11.38
6.0200000000000005 , 5.1000000000000005 , 0.47000000000000003 , 13.81
6.091 , 5.34 , -0.63 , 14.44
6.16 , 6.04 , -1.49 , 14.280000000000001
6.23 , 8.4 , -1.6500000000000001 , 13.89
6.3 , 10.52 , -0.63 , 15.77
6.37 , 9.97 , -0.86 , 12.64
6.44 , 8.01 , -0.47000000000000003 , 9.26
6.51 , 6.28 , 0.55 , 7.0600000000000005
6.58 , 5.65 , 1.8800000000000001 , 5.26
6.65 , 4.87 , 3.3000000000000003 , 3.85
6.72 , 4.08 , 4.63 , 1.96
6.791 , 2.83 , 5.57 , 1.6500000000000001
6.86 , 1.02 , 5.49 , 2.83
6.93 , -0.31 , 4.87 , 2.83
7.001 , -1.33 , 4.39 , 3.69
7.07 , 0.71 , 4.55 , 4.79
7.140000000000001 , 2.04 , 4.39 , 7.46
7.21 , 0.24 , 2.59 , 8.950000000000001
7.28 , 1.49 , 1.02 , 8.48
7.3500000000000005 , 1.6500000000000001 , -0.9400000000000001 , 11.69
7.42 , 4.87 , -1.57 , 14.200000000000001
7.4910000000000005 , 6.04 , -1.81 , 13.66
7.5600000000000005 , 7.61 , -1.33 , 12.48
7.63 , 10.91 , -0.9400000000000001 , 13.18
7.7 , 12.870000000000001 , -1.33 , 11.85
7.7700000000000005 , 12.790000000000001 , -1.57 , 9.81
7.84 , 12.56 , -0.47000000000000003 , 5.26
7.9110000000000005 , 10.120000000000001 , 1.02 , 2.98
7.98 , 8.24 , 2.2 , 1.81
8.05 , 5.49 , 2.9 , 0.78
8.120000000000001 , 3.3000000000000003 , 3.69 , 1.6500000000000001
8.19 , 1.73 , 4.24 , 2.5100000000000002
8.26 , -0.24 , 4.71 , 1.96
8.331 , -1.8800000000000001 , 4.55 , 3.06
8.4 , -0.16 , 4.47 , 4.47
8.47 , 0.71 , 3.37 , 7.38
8.540000000000001 , 1.6500000000000001 , 2.67 , 8.32
8.611 , 0.47000000000000003 , 0.71 , 10.44
8.68 , 4.39 , 0.0 , 13.58
8.75 , 8.48 , -0.47000000000000003 , 13.66
8.82 , 11.38 , -0.55 , 13.5
8.89 , 12.32 , -0.63 , 11.93
8.96 , 12.64 , -0.39 , 11.38
9.031 , 11.93 , -0.47000000000000003 , 8.24
9.1 , 10.67 , 0.16 , 5.57
9.17 , 10.67 , 1.18 , 3.06
9.24 , 8.63 , 2.2 , 2.59
9.31 , 7.38 , 3.5300000000000002 , 2.12
9.38 , 5.42 , 4.16 , 1.8800000000000001
9.451 , 3.37 , 4.47 , 2.9
9.52 , 2.9 , 5.1000000000000005 , 2.04
9.59 , 0.47000000000000003 , 5.34 , 2.04
9.66 , -0.9400000000000001 , 4.79 , 2.98
9.73 , 0.0 , 5.1000000000000005 , 4.32
9.8 , 0.39 , 4.39 , 5.89
9.870000000000001 , 1.33 , 3.61 , 7.38
9.94 , 2.2800000000000002 , 1.49 , 9.97
10.01 , 5.1000000000000005 , 0.78 , 12.32
10.08 , 6.28 , -0.24 , 12.790000000000001
10.15 , 8.32 , -0.55 , 12.870000000000001
10.221 , 9.34 , -1.02 , 12.71
10.290000000000001 , 12.4 , -1.41 , 13.42
10.361 , 14.36 , -1.02 , 11.14
10.43 , 12.790000000000001 , -1.18 , 5.73
10.5 , 9.57 , -0.08 , 3.85
10.57 , 8.32 , 2.12 , 3.45
10.64 , 7.0600000000000005 , 3.37 , 2.35
10.71 , 4.94 , 4.08 , 2.98
10.78 , 3.85 , 4.24 , 2.5100000000000002
10.851 , 2.43 , 4.47 , 1.96
10.92 , 0.0 , 5.0200000000000005 , 1.73
10.99 , -0.31 , 4.87 , 2.04
11.06 , -0.24 , 4.08 , 3.92
11.13 , 0.39 , 3.06 , 5.18
11.200000000000001 , -0.08 , 1.81 , 9.1
11.271 , 2.98 , 1.26 , 11.540000000000001
11.34 , 4.08 , 0.08 , 13.73
11.41 , 6.28 , -1.41 , 15.85
11.48 , 6.44 , -1.81 , 13.73
11.55 , 7.61 , -1.02 , 11.38
11.620000000000001 , 10.05 , -1.81 , 12.01
11.69 , 14.75 , -2.35 , 11.14
11.761000000000001 , 15.3 , -2.2 , 7.3
11.83 , 11.85 , -0.39 , 3.85
11.9 , 8.48 , 1.49 , 3.3000000000000003
11.971 , 5.49 , 2.98 , 3.3000000000000003
12.040000000000001 , 3.3000000000000003 , 4.39 , 2.5100000000000002
12.11 , 2.2 , 4.87 , 2.9
12.18 , 0.86 , 5.18 , 2.83
12.25 , -0.39 , 5.26 , 2.2800000000000002
12.32 , -0.86 , 5.26 , 1.57
12.39 , -0.63 , 4.71 , 3.5300000000000002
12.46 , 0.71 , 4.32 , 5.49
12.530000000000001 , 1.96 , 3.45 , 8.01
12.6 , 3.14 , 2.2 , 10.36
12.67 , 4.39 , 1.41 , 11.620000000000001
12.74 , 6.83 , 0.86 , 12.56
12.81 , 7.69 , -0.16 , 12.950000000000001
12.88 , 7.69 , -1.18 , 10.75
12.950000000000001 , 13.42 , -0.39 , 13.11
13.02 , 13.5 , -1.6500000000000001 , 11.07
13.09 , 12.56 , -1.49 , 8.01
13.16 , 10.44 , -0.24 , 4.79
13.23 , 8.4 , 1.41 , 3.85
13.3 , 6.51 , 2.83 , 2.83
13.370000000000001 , 5.96 , 4.0 , 1.6500000000000001
13.44 , 4.55 , 4.87 , 0.78
13.51 , 2.43 , 4.79 , 0.55
13.58 , -0.39 , 5.0200000000000005 , 1.96
13.65 , -0.78 , 4.94 , 2.2
13.72 , -0.71 , 4.94 , 4.0
13.790000000000001 , 0.63 , 3.61 , 5.26
13.86 , -0.08 , 2.35 , 8.790000000000001
13.93 , 2.83 , 2.5100000000000002 , 11.69
14.0 , 2.43 , 0.55 , 12.56
14.07 , 4.79 , -0.86 , 12.16
14.14 , 6.04 , -2.2800000000000002 , 11.540000000000001
14.21 , 8.4 , -1.73 , 13.26
14.281 , 9.97 , -1.41 , 12.32
14.35 , 14.200000000000001 , -1.73 , 13.11
14.42 , 15.93 , -2.75 , 9.89
14.491 , 14.52 , -2.12 , 5.8100000000000005
14.56 , 8.48 , -1.1 , 2.59
14.63 , 4.39 , 1.26 , 0.63
14.700000000000001 , 2.12 , 3.77 , 0.39
14.77 , 2.43 , 5.1000000000000005 , 0.86
14.84 , 4.16 , 6.59 , 2.59
14.91 , 3.37 , 7.38 , 2.2800000000000002
14.98 , 2.59 , 7.38 , 3.37
15.05 , 1.8800000000000001 , 6.51 , 3.69
15.120000000000001 , 2.83 , 7.46 , 4.08
15.19 , 5.96 , 8.55 , 9.18
15.26 , 6.98 , 8.24 , 5.57
15.33 , 6.12 , 7.0600000000000005 , 5.1000000000000005
15.4 , 8.48 , 6.12 , 5.96
15.47 , 8.63 , 7.140000000000001 , 6.91
15.540000000000001 , 6.59 , 6.36 , 8.16
15.610000000000001 , 4.87 , 5.57 , 5.18
15.68 , 3.85 , 5.8100000000000005 , 3.22
15.75 , 5.0200000000000005 , 6.59 , 2.9
15.82 , 5.26 , 6.59 , 1.96
15.89 , 5.18 , 6.44 , 4.63
15.96 , 4.63 , 7.22 , 3.5300000000000002
16.03 , 4.16 , 7.8500000000000005 , 0.16
16.1 , 2.67 , 7.930000000000001 , -0.63
16.171 , 4.08 , 7.140000000000001 , -0.9400000000000001
16.240000000000002 , 3.92 , 5.65 , -3.22
16.31 , 5.0200000000000005 , 4.16 , -2.67
16.38 , 7.22 , 2.98 , -3.5300000000000002
16.45 , 7.7700000000000005 , 0.39 , -5.8100000000000005
16.52 , 10.91 , -1.33 , -4.0
16.59 , 14.6 , -3.69 , -3.37
16.66 , 18.6 , -4.47 , -2.5100000000000002
16.73 , 18.68 , -4.55 , -3.22
16.801000000000002 , 17.03 , -5.42 , 1.57
16.87 , 17.580000000000002 , -4.79 , 3.85
16.94 , 15.15 , -2.83 , 2.5100000000000002
17.01 , 11.14 , -1.02 , 2.67
17.080000000000002 , 8.32 , 1.02 , 2.12
17.150000000000002 , 6.91 , 0.31 , 1.8800000000000001
17.22 , 4.32 , 2.59 , 0.78
17.291 , 3.45 , 4.0 , -0.71
17.36 , 3.61 , 4.08 , -2.2
17.43 , 4.24 , 3.22 , -2.04
17.5 , 6.28 , 1.8800000000000001 , -3.77
17.57 , 8.4 , 1.1 , -4.79
17.64 , 9.81 , 0.08 , -5.49
17.71 , 11.14 , -0.55 , -5.18
17.78 , 13.18 , -1.1 , -5.18
17.853 , 15.15 , -2.2 , -4.94
17.92 , 16.56 , -3.5300000000000002 , -2.98
17.991 , 16.4 , -4.87 , 0.0
18.061 , 17.580000000000002 , -5.34 , 3.69
18.13 , 16.09 , -4.47 , 6.12
18.2 , 11.38 , -2.04 , 6.75
18.271 , 8.32 , 0.08 , 6.12
18.34 , 6.12 , 1.81 , 4.94
18.41 , 4.71 , 2.98 , 3.37
18.48 , 3.77 , 3.85 , 1.41
18.55 , 4.79 , 4.32 , -1.02
18.62 , 5.89 , 5.0200000000000005 , -3.06
18.69 , 6.83 , 5.0200000000000005 , -3.92
18.76 , 5.49 , 4.16 , -3.37
18.830000000000002 , 5.57 , 3.22 , -3.3000000000000003
18.901 , 6.51 , 1.81 , -3.14
18.97 , 7.930000000000001 , -0.08 , -3.77
19.04 , 10.75 , -0.9400000000000001 , -4.94
19.111 , 13.18 , -2.98 , -4.63
19.18 , 13.26 , -4.79 , -4.32
19.25 , 15.38 , -5.57 , -4.94
19.32 , 15.3 , -6.36 , -2.5100000000000002
19.391000000000002 , 17.34 , -6.36 , -0.86
19.46 , 15.77 , -6.36 , 3.37
19.53 , 13.66 , -4.47 , 6.51
19.601 , 10.120000000000001 , -3.22 , 7.38
19.67 , 7.7700000000000005 , -0.24 , 5.34
19.740000000000002 , 5.89 , 1.81 , 2.2
19.811 , 5.65 , 2.83 , 0.24
19.88 , 5.0200000000000005 , 4.08 , -1.1
19.95 , 4.63 , 3.92 , -2.67
20.02 , 5.49 , 3.45 , -2.83
20.09 , 6.51 , 3.3000000000000003 , -3.14
20.16 , 6.67 , 2.67 , -2.59
20.23 , 7.3 , 1.26 , -2.35
20.3 , 9.26 , -0.39 , -2.5100000000000002
20.37 , 10.44 , -2.12 , -2.12
20.44 , 11.69 , -4.0 , -3.5300000000000002
20.51 , 13.97 , -5.96 , -3.45
20.580000000000002 , 14.13 , -7.0600000000000005 , -2.9
20.650000000000002 , 14.75 , -6.67 , -3.37
20.72 , 14.75 , -6.91 , 0.16
20.79 , 17.5 , -6.91 , 1.96
20.86 , 14.280000000000001 , -5.96 , 6.91
20.931 , 9.73 , -3.14 , 6.91
21.0 , 7.38 , -1.02 , 4.94
21.07 , 6.2 , 0.63 , 2.35
21.14 , 6.28 , 2.12 , -0.16
21.21 , 5.96 , 3.14 , -0.63
21.28 , 5.34 , 3.61 , -2.2
21.35 , 5.96 , 3.61 , -2.67
21.42 , 5.26 , 3.5300000000000002 , -2.75
21.490000000000002 , 5.49 , 2.59 , -2.98
21.56 , 6.51 , 1.41 , -2.59
21.63 , 10.28 , 0.31 , -4.94
21.7 , 10.91 , -1.6500000000000001 , -3.45
21.77 , 11.85 , -3.61 , -3.77
21.84 , 13.58 , -4.16 , -4.24
21.91 , 14.52 , -4.71 , -6.12
21.98 , 13.18 , -5.65 , -3.69
22.05 , 13.81 , -6.2 , -1.02
22.121000000000002 , 16.64 , -7.22 , 4.16
22.19 , 16.09 , -5.8100000000000005 , 4.32
22.26 , 10.200000000000001 , -3.61 , 4.39
22.330000000000002 , 7.53 , -0.9400000000000001 , 2.98
22.401 , 6.51 , 1.26 , 1.81
22.47 , 6.04 , 2.67 , 1.26
22.54 , 6.28 , 3.69 , -0.71
22.61 , 5.0200000000000005 , 4.08 , -2.98
22.68 , 4.32 , 4.08 , -4.0
22.75 , 5.65 , 3.45 , -3.5300000000000002
22.821 , 6.04 , 2.43 , -3.61
22.89 , 6.75 , 1.49 , -2.2800000000000002
22.96 , 9.97 , 0.9400000000000001 , -3.45
23.031 , 10.52 , -0.24 , -4.79
23.1 , 10.83 , -1.8800000000000001 , -4.32
23.17 , 11.3 , -4.47 , -2.35
23.240000000000002 , 13.26 , -6.28 , -2.75
23.31 , 17.11 , -6.75 , -2.2800000000000002
23.38 , 19.07 , -6.91 , -0.71
23.45 , 15.77 , -6.83 , 2.83
23.52 , 12.48 , -5.49 , 6.59
23.59 , 9.73 , -3.14 , 5.26
23.66 , 8.01 , -1.41 , 4.0
23.73 , 6.28 , 0.47000000000000003 , 2.2
23.8 , 5.57 , 2.43 , -0.31
23.87 , 4.87 , 3.69 , -1.57
23.941 , 5.0200000000000005 , 4.0 , -2.35
24.01 , 6.12 , 4.39 , -3.85
24.080000000000002 , 5.57 , 4.08 , -3.61
24.151 , 5.42 , 3.45 , -2.5100000000000002
24.22 , 6.59 , 1.41 , -3.61
24.29 , 10.36 , -0.24 , -3.5300000000000002
24.36 , 11.93 , -2.2800000000000002 , -3.92
24.43 , 12.32 , -4.08 , -3.92
24.5 , 13.73 , -5.57 , -3.92
24.57 , 14.6 , -5.73 , -3.5300000000000002
24.64 , 15.38 , -5.73 , -1.6500000000000001
24.71 , 16.95 , -5.42 , -0.24
24.78 , 15.38 , -5.89 , 4.94
24.85 , 12.48 , -4.39 , 6.51
24.92 , 8.950000000000001 , -1.73 , 4.24
24.990000000000002 , 5.89 , 0.31 , 2.2800000000000002
25.060000000000002 , 5.42 , 2.12 , 0.08
25.13 , 5.42 , 3.45 , -0.78
25.2 , 4.39 , 4.08 , -1.41
25.27 , 4.47 , 4.55 , -3.14
25.34 , 3.61 , 4.71 , -3.37
25.41 , 6.2 , 3.77 , -3.45
25.48 , 7.53 , 2.12 , -3.61
25.55 , 8.48 , -0.24 , -3.77
25.62 , 9.81 , -2.04 , -3.61
25.69 , 12.48 , -3.45 , -5.1000000000000005
25.76 , 12.950000000000001 , -5.0200000000000005 , -4.0
25.830000000000002 , 14.280000000000001 , -5.89 , -3.77
25.900000000000002 , 13.73 , -6.2 , -2.04
25.97 , 15.93 , -5.73 , -0.39
26.04 , 16.87 , -5.96 , 1.33
26.11 , 14.05 , -5.26 , 4.16
26.181 , 11.540000000000001 , -3.22 , 4.16
26.25 , 8.790000000000001 , -1.81 , 3.5300000000000002
26.32 , 6.67 , 0.0 , 2.12
26.39 , 6.59 , 1.33 , 0.47000000000000003
26.461000000000002 , 4.16 , 2.5100000000000002 , -2.04
26.53 , 4.71 , 2.59 , -2.2800000000000002
26.6 , 5.57 , 3.37 , -5.0200000000000005
26.67 , 4.08 , 3.3000000000000003 , -3.92
26.740000000000002 , 6.59 , 2.83 , -4.87
26.810000000000002 , 8.24 , 1.18 , -4.16
26.88 , 10.36 , -0.31 , -2.9
26.95 , 11.69 , -1.33 , -3.92
27.02 , 13.26 , -2.98 , -4.39
27.09 , 12.24 , -4.55 , -4.08
27.16 , 11.85 , -4.94 , -4.08
27.23 , 13.030000000000001 , -6.12 , -2.5100000000000002
27.3 , 18.6 , -6.51 , 0.31
27.37 , 18.68 , -6.75 , 3.69
27.44 , 13.97 , -4.94 , 5.96
27.51 , 8.950000000000001 , -2.2 , 4.79
27.580000000000002 , 8.4 , -0.78 , 4.08
27.650000000000002 , 5.26 , 0.55 , 2.43
27.72 , 4.39 , 2.2800000000000002 , -0.24
27.79 , 2.2 , 3.37 , -1.6500000000000001
27.86 , 4.47 , 4.16 , -3.45
27.93 , 5.73 , 4.55 , -3.85
28.0 , 7.38 , 5.1000000000000005 , -5.42
28.07 , 8.71 , 4.39 , -4.24
28.14 , 9.03 , 3.5300000000000002 , -3.37
28.21 , 9.89 , 2.83 , -3.37
28.28 , 9.65 , 1.41 , -1.81
28.35 , 8.71 , -0.24 , -1.96
28.42 , 9.81 , -1.57 , -4.47
28.490000000000002 , 10.28 , -3.69 , -4.94
28.560000000000002 , 13.030000000000001 , -5.8100000000000005 , -4.94
28.63 , 15.93 , -6.44 , -4.94
28.7 , 16.25 , -7.140000000000001 , -2.83
28.771 , 20.56 , -7.8500000000000005 , -1.81
28.841 , 13.89 , -6.98 , 3.69
28.91 , 6.51 , -3.45 , 3.69
28.98 , 4.0 , -0.24 , 0.16
29.051000000000002 , 3.69 , 1.73 , -2.5100000000000002
29.12 , 4.47 , 2.12 , -4.79
29.19 , 5.89 , 1.96 , -6.12
29.261 , 5.73 , -0.63 , -7.61
29.330000000000002 , 4.71 , -2.75 , -7.930000000000001
29.400000000000002 , 3.37 , -5.18 , -8.48
29.471 , 3.61 , -5.65 , -5.26
29.541 , 2.5100000000000002 , -8.48 , -2.04
29.61 , 4.0 , -9.1 , -3.5300000000000002
29.68 , 3.61 , -10.44 , -2.9
29.75 , 0.78 , -12.32 , -2.98
29.82 , 1.33 , -14.36 , -3.37
29.891000000000002 , 0.08 , -14.75 , -3.06
29.961000000000002 , 0.31 , -13.81 , -2.2
30.03 , -1.02 , -12.870000000000001 , -1.49
30.1 , -1.33 , -11.540000000000001 , -1.1
30.171 , -0.63 , -10.05 , -0.9400000000000001
30.240000000000002 , 0.78 , -9.03 , -0.78
30.310000000000002 , 1.26 , -8.790000000000001 , -0.9400000000000001
30.38 , 1.57 , -8.55 , -3.69
30.45 , 0.0 , -8.55 , -3.85
30.52 , 2.83 , -8.4 , -2.75
30.591 , 2.75 , -8.4 , -4.55
30.66 , 3.45 , -8.950000000000001 , -4.63
30.73 , 3.5300000000000002 , -9.42 , -4.87
30.8 , 3.3000000000000003 , -9.42 , -1.81
30.87 , 3.92 , -9.65 , -1.49
30.94 , 2.83 , -9.81 , -0.16
31.01 , 2.59 , -10.99 , -1.96
31.080000000000002 , 1.57 , -13.11 , -1.41
31.150000000000002 , 1.8800000000000001 , -13.030000000000001 , -3.37
31.220000000000002 , -0.24 , -12.01 , -2.2800000000000002
31.291 , 0.31 , -12.01 , -2.2
31.36 , -0.08 , -11.38 , -1.8800000000000001
31.43 , 1.02 , -11.07 , -1.02
31.5 , 0.39 , -10.05 , -3.77
31.57 , 0.71 , -9.73 , -2.59
31.64 , 2.04 , -8.48 , -2.9
31.71 , 1.57 , -8.01 , -2.5100000000000002
31.78 , 1.18 , -8.32 , -3.61
31.85 , 2.2800000000000002 , -8.08 , -4.32
31.92 , 3.14 , -8.870000000000001 , -2.98
31.990000000000002 , 1.26 , -9.57 , -4.16
32.06 , 4.63 , -9.73 , -2.98
32.13 , 3.77 , -10.200000000000001 , -2.75
32.2 , 3.5300000000000002 , -9.73 , -1.8800000000000001
32.27 , 3.77 , -10.36 , -1.6500000000000001
32.34 , 3.3000000000000003 , -12.56 , -1.57
32.410000000000004 , 3.45 , -13.5 , -3.3000000000000003
32.480000000000004 , 0.0 , -12.950000000000001 , -3.06
32.55 , 2.35 , -12.01 , -4.08
32.62 , -2.04 , -13.18 , -1.02
32.69 , -2.12 , -11.69 , -3.22
32.76 , 0.16 , -10.99 , -1.41
32.83 , 1.8800000000000001 , -9.73 , -2.43
32.901 , 1.96 , -8.24 , -4.24
32.97 , 2.04 , -8.01 , -2.83
33.04 , 2.43 , -8.32 , -2.98
33.111000000000004 , 2.75 , -9.18 , -4.0
33.18 , 2.2800000000000002 , -10.05 , -2.5100000000000002
33.25 , 3.85 , -10.52 , -4.55
33.32 , 2.2 , -10.75 , -0.55
33.39 , 3.45 , -10.36 , -0.86
33.46 , 0.47000000000000003 , -10.67 , -1.26
33.53 , 3.06 , -11.69 , -0.47000000000000003
33.601 , 1.6500000000000001 , -12.64 , -0.86
33.671 , 4.39 , -11.69 , -2.83
33.74 , 1.02 , -12.01 , -1.02
33.81 , 0.08 , -12.09 , -3.3000000000000003
33.88 , -0.78 , -10.44 , -2.67
33.95 , 0.39 , -10.44 , -0.47000000000000003
34.02 , 2.04 , -9.73 , -2.12
34.09 , 2.43 , -9.03 , -2.75
34.160000000000004 , 1.73 , -8.790000000000001 , -3.06
34.230000000000004 , 2.59 , -8.870000000000001 , -2.59
34.301 , 2.75 , -9.73 , -0.9400000000000001
34.371 , 7.0600000000000005 , -10.120000000000001 , -2.35
34.44 , 3.77 , -11.46 , -3.77
34.51 , 1.73 , -10.75 , -0.63
34.58 , 5.26 , -10.59 , -1.41
34.65 , 2.12 , -11.07 , 0.24
34.72 , 2.98 , -11.46 , -2.9
34.79 , 1.73 , -11.77 , -2.75
34.86 , 2.43 , -10.91 , -2.35
34.93 , 0.31 , -10.75 , -3.61
35.001 , -0.86 , -11.14 , -1.8800000000000001
35.071 , -0.55 , -11.69 , -2.04
35.14 , 0.16 , -11.07 , -2.2800000000000002
35.21 , 0.16 , -10.120000000000001 , -0.71
35.28 , 1.57 , -9.03 , -1.33
35.35 , 3.06 , -9.03 , -0.86
35.42 , 2.59 , -8.950000000000001 , -3.06
35.491 , 1.18 , -10.05 , -2.2
35.56 , 3.85 , -11.38 , -2.98
35.63 , 2.9 , -11.69 , -3.14
35.701 , 0.55 , -11.3 , -0.55
35.77 , 2.2 , -11.14 , -0.24
35.84 , 1.81 , -10.99 , -0.71
35.910000000000004 , 1.6500000000000001 , -11.46 , -0.9400000000000001
35.980000000000004 , 1.26 , -11.07 , -1.57
36.050000000000004 , 1.73 , -10.52 , -2.5100000000000002
36.12 , 1.96 , -10.44 , -1.33
36.191 , 1.26 , -11.69 , -1.26
36.26 , -0.16 , -10.75 , -3.85
36.33 , -0.16 , -10.99 , -1.02
36.4 , 0.0 , -9.97 , -2.67
36.471000000000004 , 0.63 , -9.26 , -1.18
36.54 , 2.98 , -8.71 , -1.33
36.611000000000004 , 4.47 , -8.48 , -1.02
36.68 , 3.37 , -9.57 , -2.67
36.75 , 2.59 , -10.05 , -2.5100000000000002
36.82 , 4.0 , -10.99 , -2.35
36.891 , 2.67 , -11.38 , -2.2
36.96 , 1.96 , -11.3 , -1.8800000000000001
37.03 , 1.81 , -12.4 , -0.9400000000000001
37.1 , 1.26 , -11.46 , -2.59
37.17 , 1.18 , -11.22 , -0.71
37.24 , 2.75 , -10.52 , -3.14
37.31 , 0.86 , -9.5 , -4.08
37.38 , 1.26 , -10.67 , -2.12
37.45 , 0.39 , -10.44 , -3.85
37.52 , 0.86 , -10.44 , -2.75
37.591 , -0.08 , -10.36 , -4.87
37.660000000000004 , 1.18 , -9.65 , -3.77
37.730000000000004 , 1.26 , -8.24 , -3.06
37.800000000000004 , 2.9 , -7.930000000000001 , -2.2
37.87 , 3.45 , -8.08 , -2.9
37.94 , 4.55 , -9.81 , -1.49
38.011 , 5.1000000000000005 , -11.620000000000001 , -3.5300000000000002
38.08 , 1.81 , -11.540000000000001 , -2.35
38.15 , 3.3000000000000003 , -11.85 , -1.8800000000000001
38.22 , 1.8800000000000001 , -12.4 , -1.57
38.291000000000004 , 0.55 , -12.01 , -1.41
38.361000000000004 , 1.26 , -11.22 , -2.35
38.43 , 3.77 , -9.73 , -1.57
38.501 , 1.73 , -10.75 , -3.3000000000000003
38.57 , 2.12 , -10.52 , -4.55
38.64 , 0.08 , -9.89 , -2.35
38.71 , 0.63 , -10.67 , -1.96
38.78 , 0.78 , -10.05 , -3.69
38.85 , 1.02 , -9.03 , -3.22
38.92 , 0.63 , -8.790000000000001 , -3.37
38.99 , 2.2800000000000002 , -8.48 , -3.14
39.06 , 1.41 , -8.55 , -2.98
39.13 , 4.16 , -8.55 , -2.9
39.2 , 4.08 , -10.36 , -3.06
39.27 , 4.63 , -11.38 , -1.73
39.34 , 4.63 , -12.32 , -3.06
39.411 , 2.98 , -12.71 , -1.96
39.480000000000004 , 1.33 , -12.71 , -0.78
39.550000000000004 , 1.96 , -11.69 , -4.87
39.621 , 0.55 , -11.620000000000001 , -0.08
39.69 , 2.43 , -9.73 , -2.67
39.76 , 0.63 , -9.97 , -2.2800000000000002
39.83 , 0.9400000000000001 , -10.67 , -2.83
39.9 , 0.24 , -9.81 , -4.87
39.97 , 1.1 , -10.05 , -1.8800000000000001
40.04 , 0.86 , -8.950000000000001 , -2.59
40.11 , 1.02 , -8.63 , -2.98
40.18 , 1.6500000000000001 , -8.32 , -2.9
40.25 , 2.75 , -8.16 , -1.73
40.32 , 3.92 , -9.5 , -2.75
40.39 , 3.22 , -10.67 , -5.34
40.46 , 4.08 , -12.09 , -2.2
40.53 , 4.08 , -12.01 , -1.26
40.601 , 3.06 , -12.48 , -0.63
40.67 , 2.98 , -12.870000000000001 , -1.6500000000000001
40.74 , 2.67 , -11.93 , -3.3000000000000003
40.811 , -0.16 , -9.97 , -2.04
40.88 , 0.9400000000000001 , -10.44 , -1.1
40.95 , 0.39 , -10.67 , -5.34
41.021 , -1.18 , -10.99 , -2.43
41.09 , 0.16 , -11.3 , -1.96
41.160000000000004 , 1.81 , -10.28 , -4.0
41.231 , 1.96 , -9.1 , -3.37
41.301 , 2.35 , -8.4 , -3.69
41.37 , 2.67 , -7.7700000000000005 , -3.61
41.44 , 1.96 , -8.16 , -3.92
41.51 , 0.71 , -9.34 , -3.69
41.58 , 3.85 , -9.1 , -3.5300000000000002
41.65 , 4.39 , -10.05 , -2.83
41.721000000000004 , 5.65 , -11.07 , -2.2800000000000002
41.79 , 3.22 , -12.48 , -1.6500000000000001
41.86 , 2.98 , -13.18 , -4.0
41.931 , 1.49 , -12.71 , -5.96
42.0 , -0.55 , -13.73 , -0.08
42.07 , 0.71 , -12.09 , -4.79
42.14 , -0.78 , -11.46 , -0.9400000000000001
42.21 , -1.1 , -11.22 , -2.04
42.28 , -0.78 , -10.75 , -1.8800000000000001
42.351 , 1.26 , -10.83 , -0.9400000000000001
42.421 , 3.77 , -9.73 , 0.0
42.49 , 4.0 , -8.870000000000001 , 0.31
42.56 , 7.46 , -9.18 , -2.12
42.63 , 12.01 , -10.05 , -5.0200000000000005
42.701 , 10.91 , -10.75 , -6.28
42.77 , 9.97 , -8.01 , -1.33
42.842 , 7.8500000000000005 , -2.2800000000000002 , -0.9400000000000001
42.910000000000004 , 5.65 , 2.2 , 6.75
42.980000000000004 , 3.92 , 4.47 , 3.92
43.051 , 5.65 , 4.79 , 9.73
43.12 , 4.0 , 3.92 , 5.49
43.19 , -0.55 , 3.61 , 8.55
43.26 , 1.41 , 3.61 , 10.120000000000001
43.33 , -0.16 , 3.85 , 10.36
43.4 , 0.0 , 4.24 , 8.790000000000001
43.47 , -0.16 , 3.92 , 9.03
43.541000000000004 , 1.18 , 5.1000000000000005 , 7.930000000000001
43.61 , 0.86 , 4.87 , 9.03
43.68 , 1.49 , 5.65 , 8.71
43.751 , 1.1 , 5.57 , 7.61
43.82 , 0.47000000000000003 , 5.1000000000000005 , 8.4
43.89 , 1.18 , 5.73 , 8.08
43.96 , -0.55 , 5.57 , 8.08
44.03 , 0.55 , 6.2 , 7.0600000000000005
44.101 , 0.0 , 4.63 , 7.930000000000001
44.17 , 0.0 , 4.24 , 9.26
44.24 , -0.08 , 4.47 , 8.48
44.31 , 0.71 , 5.26 , 8.32
44.38 , 0.47000000000000003 , 5.26 , 8.32
44.45 , 0.16 , 5.49 , 7.69
44.52 , 0.39 , 5.65 , 7.8500000000000005
44.59 , -0.16 , 5.42 , 8.32
44.660000000000004 , -0.47000000000000003 , 5.18 , 8.32
44.730000000000004 , -0.08 , 5.57 , 8.48
44.800000000000004 , -0.24 , 5.65 , 8.16
44.87 , 0.16 , 5.8100000000000005 , 7.69
44.94 , -0.31 , 5.57 , 7.8500000000000005
45.01 , -0.08 , 5.96 , 7.930000000000001
45.08 , -0.24 , 5.8100000000000005 , 7.38
45.15 , -0.08 , 5.96 , 8.01
45.22 , -0.55 , 5.8100000000000005 , 8.08
45.29 , 0.08 , 5.65 , 8.32
45.36 , -0.16 , 5.49 , 8.48
45.43 , 0.0 , 5.65 , 8.01
45.5 , -0.08 , 5.65 , 7.930000000000001
45.57 , -0.08 , 5.65 , 8.01
45.641 , 0.0 , 5.65 , 7.8500000000000005
45.711 , 0.08 , 5.65 , 7.930000000000001
45.783 , -0.16 , 5.73 , 8.08
45.85 , 0.0 , 5.8100000000000005 , 7.7700000000000005
45.921 , -0.08 , 5.96 , 7.7700000000000005
45.991 , 0.08 , 6.04 , 7.8500000000000005
46.061 , 0.0 , 5.89 , 7.8500000000000005
46.131 , 0.08 , 5.96 , 7.61
46.201 , 0.39 , 6.2 , 7.69
46.272 , 0.08 , 6.59 , 8.01
46.341 , -0.24 , 6.2 , 7.69
46.411 , -0.24 , 6.67 , 7.38
46.481 , -0.08 , 5.8100000000000005 , 7.8500000000000005
46.551 , 0.47000000000000003 , 5.8100000000000005 , 7.140000000000001
46.621 , 0.39 , 5.1000000000000005 , 7.0600000000000005
46.691 , 0.08 , 4.94 , 7.69
46.761 , -1.26 , 4.0 , 6.67
46.83 , -1.41 , 4.63 , 7.8500000000000005
46.901 , 0.0 , 4.39 , 7.38
46.971000000000004 , -0.86 , 4.24 , 9.65
47.041000000000004 , 0.0 , 3.5300000000000002 , 9.57
47.111000000000004 , -0.08 , 3.45 , 8.790000000000001
47.18 , 1.18 , 3.3000000000000003 , 9.57
47.254 , 0.39 , 4.63 , 8.63
47.321 , 1.26 , 3.5300000000000002 , 9.81
47.391 , 1.1 , 4.0 , 8.71
47.461 , 1.41 , 4.16 , 8.55
47.531 , 1.33 , 3.77 , 9.18
47.601 , 0.39 , 5.34 , 7.61
47.672000000000004 , -0.24 , 6.12 , 7.7700000000000005
47.741 , -0.24 , 6.04 , 8.01
47.81 , -0.08 , 6.2 , 7.53
47.88 , 0.08 , 5.96 , 7.69
47.951 , -0.31 , 6.28 , 7.8500000000000005
48.021 , -0.08 , 6.2 , 8.01
48.09 , -0.24 , 7.0600000000000005 , 5.96
48.160000000000004 , -0.31 , 6.51 , 7.140000000000001
48.230000000000004 , -0.39 , 6.51 , 7.61
48.300000000000004 , -0.39 , 6.2 , 7.930000000000001
48.370000000000005 , 0.0 , 6.2 , 7.69
48.44 , 0.55 , 5.73 , 7.3
48.51 , 0.39 , 5.34 , 8.08
48.58 , 0.63 , 5.42 , 8.55
48.65 , 0.71 , 5.1000000000000005 , 8.55
48.72 , 1.1 , 4.71 , 8.16
48.79 , 0.86 , 4.71 , 8.55
48.861000000000004 , 0.71 , 4.87 , 8.71
48.931000000000004 , 0.47000000000000003 , 5.0200000000000005 , 8.55
49.001 , 0.63 , 5.1000000000000005 , 8.32
49.071 , 0.47000000000000003 , 5.18 , 8.16
49.14 , 0.63 , 5.18 , 8.4
49.21 , 0.55 , 5.26 , 8.32
49.28 , 0.39 , 5.26 , 8.32
49.35 , 0.39 , 5.57 , 8.08
49.42 , 0.31 , 5.49 , 8.24
49.491 , 0.47000000000000003 , 5.34 , 8.24
49.561 , 0.39 , 5.49 , 8.01
49.631 , 0.24 , 5.57 , 8.32
49.7 , 0.39 , 5.89 , 7.38
49.77 , 0.31 , 5.57 , 8.24
49.84 , 0.47000000000000003 , 5.34 , 8.16
49.911 , 0.55 , 5.26 , 8.48
49.980000000000004 , 0.78 , 5.0200000000000005 , 8.32
50.051 , 0.55 , 5.18 , 8.4
50.121 , 0.55 , 5.26 , 8.32
50.191 , 0.71 , 5.18 , 8.32
50.261 , 0.63 , 5.42 , 8.24
50.33 , 0.71 , 5.26 , 8.32
50.401 , 0.71 , 5.26 , 8.32
50.471000000000004 , 0.63 , 5.34 , 8.32
50.541000000000004 , 0.71 , 5.26 , 8.24
50.611000000000004 , 0.71 , 5.26 , 8.32
50.681000000000004 , 0.71 , 5.18 , 8.32
50.751 , 0.78 , 5.26 , 8.24
50.821 , 0.71 , 5.18 , 8.4
50.891 , 0.78 , 5.26 , 8.32
50.961 , 0.55 , 5.42 , 8.32
51.031 , 0.71 , 5.34 , 8.24
51.102000000000004 , 0.71 , 5.26 , 8.32
51.171 , 0.55 , 5.57 , 8.01
51.24 , 0.55 , 5.57 , 8.16
51.31 , 0.78 , 5.34 , 8.24
51.381 , 0.63 , 5.42 , 8.32
51.451 , 0.71 , 5.42 , 8.16
51.521 , 0.78 , 5.42 , 8.08
51.591 , 0.71 , 5.34 , 8.24
51.661 , 0.71 , 5.42 , 8.16
51.732 , 0.63 , 5.42 , 8.24
51.801 , 0.71 , 5.57 , 8.08
51.871 , 0.63 , 5.42 , 8.16
51.941 , 0.71 , 5.42 , 8.16
52.011 , 0.39 , 5.49 , 8.48
52.081 , 0.39 , 5.89 , 7.8500000000000005
52.151 , 0.39 , 5.96 , 7.8500000000000005
52.221000000000004 , 0.16 , 6.2 , 7.61
52.29 , 0.16 , 6.44 , 7.46
52.361000000000004 , 0.0 , 6.67 , 7.22
52.431000000000004 , 0.16 , 6.59 , 7.0600000000000005
52.501 , 0.0 , 6.59 , 7.3
52.572 , 0.16 , 6.83 , 6.83
52.642 , 0.08 , 6.12 , 7.8500000000000005
52.71 , 0.63 , 5.49 , 8.4
52.781 , 0.63 , 5.26 , 8.71
52.851 , 0.55 , 5.73 , 8.16
52.921 , 0.55 , 5.8100000000000005 , 7.69
52.991 , 0.55 , 5.65 , 8.01
53.061 , 0.86 , 5.49 , 7.8500000000000005
53.131 , 0.55 , 5.34 , 8.24
53.201 , 0.86 , 5.26 , 8.4
53.271 , 0.78 , 5.0200000000000005 , 8.48
53.34 , 1.02 , 4.94 , 8.4
53.411 , 0.9400000000000001 , 5.1000000000000005 , 8.32
53.480000000000004 , 0.78 , 5.1000000000000005 , 8.32
53.551 , 0.78 , 5.18 , 8.32
53.621 , 0.78 , 5.1000000000000005 , 8.48
53.691 , 0.78 , 5.18 , 8.32
53.761 , 0.71 , 5.26 , 8.16
53.83 , 0.78 , 5.18 , 8.24
53.901 , 0.71 , 5.26 , 8.4
53.971000000000004 , 0.78 , 5.26 , 8.16
54.041000000000004 , 0.71 , 5.34 , 8.01
54.111000000000004 , 0.71 , 5.26 , 8.4
54.181000000000004 , 0.71 , 5.26 , 8.32
54.251 , 0.78 , 5.26 , 8.01
54.322 , 0.78 , 5.18 , 8.4
54.391 , 0.71 , 5.26 , 8.32
54.461 , 0.63 , 5.34 , 8.32
54.531 , 0.78 , 5.26 , 8.16
54.601 , 0.78 , 5.18 , 8.32
54.671 , 0.78 , 5.26 , 8.32
54.741 , 0.86 , 5.26 , 8.24
54.81 , 0.71 , 5.18 , 8.32
54.881 , 0.78 , 5.26 , 8.24
54.951 , 0.86 , 5.18 , 8.32
55.02 , 0.78 , 5.18 , 8.24
55.09 , 0.86 , 5.26 , 8.16
55.160000000000004 , 0.71 , 5.34 , 8.32
55.231 , 0.71 , 5.26 , 8.32
55.371 , 0.63 , 5.42 , 8.24
55.441 , 0.47000000000000003 , 5.96 , 7.8500000000000005
55.511 , 0.24 , 6.2 , 7.69
55.581 , 0.47000000000000003 , 6.12 , 7.46
55.65 , 0.39 , 6.28 , 7.61
55.72 , 0.55 , 5.8100000000000005 , 8.08
55.791000000000004 , 0.71 , 5.57 , 8.32
55.861000000000004 , 1.1 , 5.34 , 8.4
55.931000000000004 , 1.1 , 5.42 , 8.16
56.001 , 1.26 , 5.49 , 8.01
56.072 , 1.57 , 5.26 , 8.16
56.14 , 1.6500000000000001 , 5.26 , 8.08
56.21 , 1.49 , 5.18 , 8.32
56.28 , 1.49 , 5.26 , 8.08
56.351 , 1.49 , 5.1000000000000005 , 8.24
56.421 , 1.57 , 5.1000000000000005 , 8.32
56.491 , 1.41 , 5.26 , 8.16
56.561 , 1.41 , 5.26 , 8.32
56.631 , 1.6500000000000001 , 5.18 , 8.24
56.701 , 1.49 , 5.34 , 8.16
56.771 , 1.6500000000000001 , 5.34 , 8.01
56.841 , 1.96 , 5.1000000000000005 , 8.24
56.911 , 2.04 , 4.71 , 8.24
56.981 , 1.8800000000000001 , 4.94 , 8.4
57.051 , 1.8800000000000001 , 5.1000000000000005 , 8.32
57.121 , 1.8800000000000001 , 5.1000000000000005 , 8.08
57.19 , 1.96 , 5.1000000000000005 , 7.69
57.26 , 1.96 , 4.94 , 8.55
57.33 , 1.8800000000000001 , 4.94 , 8.24
57.401 , 1.81 , 5.1000000000000005 , 7.8500000000000005
57.47 , 1.96 , 4.94 , 8.48
57.54 , 1.81 , 5.18 , 8.08
57.611000000000004 , 1.96 , 5.0200000000000005 , 8.24
57.681000000000004 , 1.8800000000000001 , 5.1000000000000005 , 8.16
57.751 , 1.81 , 5.1000000000000005 , 8.16
57.821 , 1.73 , 5.1000000000000005 , 8.16
57.891 , 1.6500000000000001 , 5.1000000000000005 , 8.08
57.96 , 1.18 , 5.42 , 8.08
58.031 , 1.41 , 5.49 , 8.16
58.102000000000004 , 1.41 , 5.57 , 7.7700000000000005
58.171 , 1.1 , 5.73 , 7.930000000000001
58.241 , 1.1 , 5.89 , 7.930000000000001
58.311 , 1.26 , 5.49 , 8.08
58.381 , 1.18 , 5.65 , 7.8500000000000005
58.452 , 1.1 , 5.73 , 7.930000000000001
58.591 , 1.18 , 5.65 , 7.930000000000001
58.661 , 1.1 , 5.8100000000000005 , 7.7700000000000005
58.731 , 0.9400000000000001 , 6.04 , 7.930000000000001
58.802 , 0.86 , 6.2 , 7.22
58.870000000000005 , 0.86 , 6.12 , 7.8500000000000005
58.94 , 1.02 , 5.89 , 7.8500000000000005
59.011 , 1.33 , 5.57 , 8.08
59.081 , 1.26 , 5.49 , 8.16
59.151 , 1.33 , 5.57 , 8.01
59.221000000000004 , 1.26 , 5.73 , 7.53
59.29 , 1.57 , 5.73 , 7.930000000000001
59.36 , 1.49 , 5.57 , 7.69
59.431000000000004 , 1.49 , 5.49 , 8.01
59.501000000000005 , 1.49 , 5.57 , 7.930000000000001
59.57 , 1.57 , 5.57 , 8.01
59.641 , 1.57 , 5.57 , 7.930000000000001
59.711 , 1.57 , 5.57 , 7.8500000000000005
59.781 , 1.57 , 5.49 , 8.01
59.85 , 1.41 , 5.49 , 8.01
59.92 , 1.49 , 5.49 , 8.01
59.991 , 1.41 , 5.49 , 8.08
60.061 , 1.33 , 5.49 , 8.01
60.131 , 1.33 , 5.57 , 8.08
60.201 , 1.33 , 5.49 , 8.01
60.272 , 1.33 , 5.49 , 8.01
60.342 , 1.26 , 5.57 , 8.01
60.411 , 1.33 , 5.49 , 8.01
60.550000000000004 , 1.33 , 5.57 , 8.01
60.621 , 1.33 , 5.49 , 8.01
60.691 , 1.49 , 5.49 , 7.930000000000001
60.761 , 1.41 , 5.49 , 8.01
60.901 , 1.33 , 5.57 , 8.01
60.971000000000004 , 1.41 , 5.42 , 7.8500000000000005
61.041000000000004 , 1.41 , 5.42 , 8.01
61.111000000000004 , 1.33 , 5.57 , 8.16
61.181000000000004 , 1.33 , 5.42 , 8.08
61.251000000000005 , 1.49 , 5.49 , 7.930000000000001
61.322 , 1.33 , 5.57 , 7.8500000000000005
61.391 , 1.18 , 5.57 , 8.08
61.461 , 1.33 , 5.73 , 7.930000000000001
61.53 , 1.18 , 5.65 , 8.01
61.601 , 1.18 , 5.65 , 7.930000000000001
61.741 , 1.26 , 5.57 , 7.8500000000000005
61.811 , 1.1 , 5.65 , 8.01
61.88 , 1.1 , 5.65 , 7.930000000000001
61.951 , 1.1 , 5.73 , 7.7700000000000005
62.021 , 1.18 , 5.65 , 7.69
62.091 , 1.33 , 5.26 , 8.4
62.161 , 1.33 , 5.34 , 8.16
62.231 , 1.02 , 5.57 , 7.930000000000001
62.301 , 1.18 , 5.49 , 8.01
62.370000000000005 , 1.33 , 5.42 , 8.01
62.441 , 1.18 , 5.57 , 7.930000000000001
62.512 , 1.26 , 5.57 , 8.08
62.581 , 1.26 , 5.49 , 8.01
62.651 , 1.18 , 5.57 , 8.01
62.72 , 1.18 , 5.49 , 8.01
62.792 , 1.18 , 5.49 , 7.930000000000001
62.861000000000004 , 1.26 , 5.49 , 8.24
62.931000000000004 , 1.26 , 5.49 , 8.08
63.002 , 1.18 , 5.42 , 8.01
63.071 , 1.26 , 5.49 , 8.01
63.141 , 1.18 , 5.57 , 8.24
63.21 , 1.33 , 5.73 , 7.53
63.28 , 1.18 , 5.73 , 7.8500000000000005
63.35 , 1.18 , 5.57 , 8.08
63.421 , 1.33 , 5.49 , 8.08
63.491 , 1.18 , 5.57 , 7.930000000000001
63.561 , 1.26 , 5.57 , 7.8500000000000005
63.632 , 1.18 , 5.57 , 7.930000000000001
63.701 , 1.26 , 5.49 , 8.24
63.771 , 1.18 , 5.65 , 7.8500000000000005
63.842 , 1.1 , 5.49 , 8.01
63.911 , 1.26 , 5.57 , 8.01
63.980000000000004 , 1.1 , 5.73 , 8.01
64.05 , 1.26 , 5.96 , 7.3
64.12 , 1.26 , 5.65 , 8.24
64.19 , 1.26 , 5.73 , 7.8500000000000005
64.261 , 1.33 , 5.57 , 8.01
64.331 , 1.26 , 5.57 , 8.16
64.401 , 1.33 , 5.49 , 7.69
64.47 , 1.33 , 5.57 , 8.55
64.54 , 1.26 , 5.57 , 7.69
64.611 , 1.18 , 5.65 , 7.930000000000001
64.681 , 1.1 , 5.8100000000000005 , 7.46
64.75 , 1.1 , 5.73 , 8.32
64.82000000000001 , 1.33 , 5.42 , 7.7700000000000005
64.89 , 1.41 , 5.42 , 8.16
64.961 , 1.33 , 5.49 , 7.69
65.03 , 1.26 , 5.49 , 8.71
65.1 , 1.41 , 5.57 , 7.61
65.171 , 1.26 , 5.49 , 8.01
65.241 , 1.33 , 5.49 , 8.24
65.311 , 1.26 , 5.57 , 7.930000000000001
65.381 , 1.26 , 5.65 , 7.8500000000000005
65.45 , 1.26 , 5.89 , 7.53
65.52 , 1.1 , 5.57 , 8.08
65.59100000000001 , 1.41 , 5.49 , 8.01
65.661 , 1.18 , 5.8100000000000005 , 8.08
65.731 , 1.33 , 5.49 , 7.930000000000001
65.801 , 1.41 , 5.49 , 7.930000000000001
65.871 , 1.18 , 5.8100000000000005 , 7.930000000000001
65.941 , 1.26 , 5.57 , 8.08
66.011 , 1.33 , 5.42 , 8.08
66.151 , 1.26 , 5.57 , 7.930000000000001
66.221 , 1.33 , 5.65 , 7.930000000000001
66.291 , 1.33 , 5.49 , 8.08
66.361 , 1.33 , 5.49 , 7.8500000000000005
66.431 , 1.18 , 5.57 , 8.08
66.501 , 1.18 , 5.57 , 8.01
66.571 , 1.33 , 5.65 , 7.930000000000001
66.641 , 1.18 , 5.65 , 7.930000000000001
66.711 , 1.18 , 5.73 , 7.930000000000001
66.781 , 1.18 , 5.49 , 8.16
66.852 , 1.26 , 5.65 , 7.930000000000001
66.921 , 1.26 , 5.65 , 7.930000000000001
66.99 , 1.18 , 5.57 , 8.01
67.061 , 1.26 , 5.57 , 8.24
67.131 , 1.33 , 5.65 , 8.01
67.20100000000001 , 1.33 , 5.65 , 7.8500000000000005
67.271 , 1.33 , 5.65 , 7.930000000000001
67.34100000000001 , 1.18 , 5.65 , 8.08
67.411 , 1.18 , 5.65 , 7.930000000000001
67.481 , 1.26 , 5.57 , 8.01
67.55 , 1.18 , 5.57 , 8.01
67.621 , 1.33 , 5.57 , 7.930000000000001
67.691 , 1.18 , 5.57 , 8.08
67.762 , 1.41 , 5.57 , 8.01
67.831 , 1.26 , 5.57 , 7.930000000000001
67.901 , 1.33 , 5.57 , 7.930000000000001
67.971 , 1.26 , 5.57 , 8.01
68.041 , 1.26 , 5.65 , 8.01
68.111 , 1.26 , 5.57 , 8.01
68.181 , 1.33 , 5.57 , 7.930000000000001
68.251 , 1.26 , 5.65 , 8.01
68.321 , 1.26 , 5.65 , 8.01
68.391 , 1.33 , 5.57 , 8.01
68.461 , 1.41 , 5.57 , 7.930000000000001
68.531 , 1.26 , 5.65 , 7.8500000000000005
68.60000000000001 , 1.26 , 5.65 , 8.01
68.671 , 1.26 , 5.57 , 8.01
68.741 , 1.26 , 5.65 , 7.8500000000000005
68.811 , 1.26 , 5.57 , 7.930000000000001
68.881 , 1.33 , 5.57 , 8.01
68.952 , 1.26 , 5.57 , 7.930000000000001
69.021 , 1.41 , 5.65 , 7.930000000000001
69.09100000000001 , 1.26 , 5.65 , 8.01
69.161 , 1.1 , 5.73 , 7.8500000000000005
69.231 , 1.26 , 5.73 , 7.8500000000000005
69.301 , 1.49 , 5.42 , 8.08
69.371 , 1.33 , 5.49 , 8.01
69.441 , 1.26 , 5.65 , 7.930000000000001
69.511 , 1.33 , 5.49 , 8.01
69.58 , 1.26 , 5.57 , 8.01
69.651 , 1.41 , 5.57 , 7.930000000000001
69.721 , 1.33 , 5.57 , 8.01
69.791 , 1.33 , 5.57 , 8.01
69.861 , 1.26 , 5.49 , 8.01
69.931 , 1.33 , 5.57 , 8.01
70.001 , 1.18 , 5.57 , 8.01
70.071 , 1.18 , 5.57 , 8.01
70.141 , 1.33 , 5.49 , 8.08
70.211 , 1.26 , 5.57 , 7.930000000000001
70.281 , 1.33 , 5.57 , 8.01
70.351 , 1.41 , 5.57 , 7.8500000000000005
70.421 , 1.33 , 5.57 , 8.16
70.491 , 1.41 , 5.57 , 8.01
70.561 , 1.33 , 5.49 , 8.01
70.63 , 1.33 , 5.57 , 8.08
70.70100000000001 , 1.33 , 5.57 , 8.01
70.771 , 1.02 , 5.57 , 8.16
70.84100000000001 , 1.18 , 5.73 , 7.930000000000001
70.911 , 1.1 , 5.57 , 8.01
70.981 , 1.33 , 5.57 , 8.01
71.051 , 1.18 , 5.57 , 8.08
71.12 , 1.18 , 5.73 , 7.8500000000000005
71.191 , 1.1 , 5.8100000000000005 , 7.930000000000001
71.262 , 1.26 , 5.49 , 8.16
71.331 , 1.33 , 5.65 , 7.930000000000001
71.401 , 1.18 , 5.65 , 7.930000000000001
71.471 , 1.26 , 5.57 , 7.930000000000001
71.542 , 1.18 , 5.65 , 7.930000000000001
71.61 , 1.1 , 5.8100000000000005 , 7.8500000000000005
71.681 , 1.02 , 5.65 , 8.08
71.752 , 1.18 , 5.73 , 7.8500000000000005
71.821 , 1.02 , 5.49 , 8.01
71.891 , 1.02 , 5.8100000000000005 , 8.01
71.961 , 1.02 , 5.65 , 7.930000000000001
72.031 , 1.1 , 5.57 , 7.930000000000001
72.101 , 1.02 , 5.65 , 8.01
72.241 , 1.18 , 5.57 , 8.01
72.311 , 1.1 , 5.73 , 7.930000000000001
72.381 , 1.1 , 5.65 , 7.930000000000001
72.45100000000001 , 1.02 , 5.73 , 8.01
72.521 , 1.18 , 5.57 , 8.01
72.59100000000001 , 1.18 , 5.73 , 7.8500000000000005
72.661 , 1.18 , 5.65 , 8.08
72.731 , 1.1 , 5.65 , 8.01
72.871 , 1.26 , 5.57 , 7.930000000000001
72.941 , 1.1 , 5.57 , 8.01
73.011 , 1.26 , 5.65 , 8.01
73.081 , 1.1 , 5.49 , 8.08
73.15 , 1.02 , 5.73 , 8.01
73.221 , 1.18 , 5.65 , 7.930000000000001
73.291 , 1.1 , 5.65 , 8.01
73.361 , 1.18 , 5.57 , 8.01
73.431 , 1.33 , 5.49 , 8.01
73.501 , 1.1 , 5.57 , 7.930000000000001
73.57000000000001 , 1.02 , 5.65 , 8.16
73.64 , 1.33 , 5.73 , 7.46
73.71000000000001 , 1.18 , 5.57 , 8.01
73.78 , 1.18 , 5.57 , 7.69
73.851 , 1.1 , 5.65 , 8.01
73.922 , 1.02 , 5.73 , 8.08
73.991 , 1.1 , 5.57 , 7.930000000000001
74.061 , 1.18 , 5.73 , 7.930000000000001
74.131 , 1.1 , 5.8100000000000005 , 7.8500000000000005
74.2 , 1.1 , 6.04 , 7.3
74.27 , 1.1 , 5.57 , 8.24
74.34 , 1.18 , 5.65 , 7.7700000000000005
74.411 , 1.18 , 5.65 , 8.08
74.481 , 1.26 , 5.65 , 7.930000000000001
74.551 , 1.18 , 5.65 , 7.930000000000001
74.621 , 1.33 , 5.65 , 7.930000000000001
74.691 , 1.33 , 5.57 , 7.930000000000001
74.761 , 1.41 , 5.42 , 8.08
74.83 , 1.26 , 5.42 , 8.16
74.901 , 1.26 , 5.57 , 7.930000000000001
74.971 , 1.33 , 5.49 , 7.930000000000001
75.042 , 1.26 , 5.57 , 8.01
75.111 , 1.26 , 5.57 , 7.930000000000001
75.251 , 1.18 , 5.57 , 8.01
75.321 , 1.26 , 5.57 , 7.930000000000001
75.391 , 1.26 , 5.65 , 7.8500000000000005
75.46000000000001 , 1.33 , 5.49 , 8.16
75.531 , 1.26 , 5.49 , 8.08
75.602 , 1.33 , 5.57 , 8.08
75.671 , 1.33 , 5.57 , 7.930000000000001
75.74 , 1.41 , 5.65 , 7.61
75.81 , 1.26 , 5.65 , 8.24
75.88 , 1.41 , 5.57 , 7.930000000000001
75.95100000000001 , 1.26 , 5.57 , 8.01
76.021 , 1.33 , 5.49 , 8.08
76.09100000000001 , 1.33 , 5.57 , 7.930000000000001
76.161 , 1.33 , 5.65 , 7.930000000000001
76.232 , 1.26 , 5.57 , 7.930000000000001
76.301 , 1.33 , 5.57 , 7.930000000000001
76.37 , 1.26 , 5.65 , 7.930000000000001
76.441 , 1.18 , 5.73 , 7.930000000000001
76.51 , 1.26 , 5.57 , 8.16
76.58 , 1.33 , 5.65 , 7.7700000000000005
76.65 , 1.26 , 5.8100000000000005 , 7.8500000000000005
76.721 , 1.33 , 5.57 , 7.930000000000001
76.791 , 1.41 , 5.65 , 7.930000000000001
76.861 , 1.26 , 5.73 , 7.8500000000000005
76.931 , 1.33 , 5.65 , 8.01
77.001 , 1.33 , 5.65 , 7.61
77.07000000000001 , 1.18 , 5.73 , 8.32
77.14 , 1.26 , 5.65 , 7.7700000000000005
77.21000000000001 , 1.26 , 5.73 , 7.930000000000001
77.281 , 1.1 , 5.65 , 8.08
77.351 , 1.26 , 5.89 , 7.7700000000000005
77.42 , 1.18 , 5.65 , 8.08
77.49 , 1.1 , 5.8100000000000005 , 7.930000000000001
77.56 , 1.18 , 5.8100000000000005 , 7.69
77.631 , 1.26 , 5.65 , 8.16
77.70100000000001 , 1.26 , 5.73 , 7.8500000000000005
77.771 , 1.26 , 5.73 , 7.7700000000000005
77.84100000000001 , 1.18 , 5.73 , 7.8500000000000005
77.911 , 1.1 , 5.8100000000000005 , 7.930000000000001
77.981 , 1.1 , 5.8100000000000005 , 7.8500000000000005
78.05 , 1.18 , 6.2 , 7.0600000000000005
78.12 , 1.1 , 5.73 , 8.24
78.191 , 1.33 , 5.65 , 7.69
78.262 , 1.41 , 5.49 , 8.01
78.331 , 1.26 , 5.65 , 8.16
78.401 , 1.26 , 5.73 , 7.8500000000000005
78.471 , 1.33 , 5.65 , 7.8500000000000005
78.542 , 1.33 , 5.73 , 7.61
78.61 , 1.1 , 5.73 , 8.55
78.68 , 1.26 , 5.65 , 7.69
78.75 , 1.18 , 5.96 , 7.61
78.821 , 1.02 , 5.8100000000000005 , 7.930000000000001
78.891 , 1.33 , 5.73 , 7.930000000000001
78.962 , 1.26 , 6.04 , 7.140000000000001
79.03 , 1.1 , 6.04 , 8.08
79.10000000000001 , 1.26 , 5.57 , 8.08
79.17 , 1.33 , 5.65 , 7.8500000000000005
79.241 , 1.33 , 5.73 , 7.930000000000001
79.311 , 1.41 , 5.73 , 7.7700000000000005
79.38 , 1.33 , 5.89 , 7.0600000000000005
79.45 , 1.33 , 5.73 , 8.48
79.52 , 1.41 , 5.8100000000000005 , 7.61
79.59 , 1.33 , 5.89 , 7.3
79.66 , 1.33 , 5.65 , 8.48
79.73 , 1.41 , 5.57 , 7.7700000000000005
79.801 , 1.49 , 5.42 , 8.01
79.87 , 1.49 , 5.49 , 8.24
79.94 , 1.33 , 5.57 , 7.8500000000000005
80.01 , 1.57 , 5.57 , 7.61
80.081 , 1.33 , 5.49 , 8.16
80.151 , 1.26 , 5.73 , 7.930000000000001
80.221 , 1.33 , 5.73 , 7.7700000000000005
80.291 , 1.26 , 5.89 , 7.7700000000000005
80.361 , 1.26 , 5.8100000000000005 , 7.8500000000000005
80.431 , 1.33 , 5.65 , 7.8500000000000005
80.501 , 1.33 , 5.73 , 7.8500000000000005
80.571 , 1.33 , 5.89 , 7.7700000000000005
80.641 , 1.02 , 5.89 , 7.8500000000000005
80.711 , 1.33 , 5.73 , 7.7700000000000005
80.781 , 1.33 , 5.8100000000000005 , 7.7700000000000005
80.85000000000001 , 1.1 , 6.04 , 7.46
80.92 , 1.26 , 5.8100000000000005 , 8.01
80.99 , 1.26 , 5.89 , 7.46
81.061 , 1.33 , 5.65 , 8.01
81.131 , 1.33 , 5.73 , 7.8500000000000005
81.20100000000001 , 1.41 , 5.65 , 7.8500000000000005
81.271 , 1.57 , 5.65 , 7.7700000000000005
81.34100000000001 , 1.6500000000000001 , 5.49 , 7.69
81.411 , 1.33 , 5.49 , 8.08
81.48100000000001 , 1.49 , 5.34 , 8.4
81.551 , 1.49 , 5.42 , 8.01
81.621 , 1.57 , 5.34 , 8.01
81.691 , 1.73 , 5.18 , 8.08
81.761 , 1.6500000000000001 , 5.0200000000000005 , 7.8500000000000005
81.831 , 0.86 , 5.89 , 8.24
81.901 , 0.55 , 6.04 , 7.7700000000000005
81.97 , 1.1 , 5.73 , 7.69
82.041 , 1.02 , 5.73 , 7.8500000000000005
82.111 , 1.02 , 5.73 , 7.69
82.181 , 1.1 , 5.57 , 8.01
82.251 , 1.18 , 5.57 , 7.930000000000001
82.321 , 0.9400000000000001 , 5.8100000000000005 , 8.08
82.391 , 0.9400000000000001 , 5.49 , 8.790000000000001