0.073 , -0.16 , 5.57 , 8.32
0.14 , 0.08 , 5.26 , 8.48
0.21 , 0.31 , 5.34 , 7.69
0.28 , 0.24 , 5.18 , 8.01
0.35000000000000003 , 0.31 , 5.34 , 7.930000000000001
0.42 , 0.16 , 5.57 , 8.08
0.49 , 0.39 , 5.49 , 8.16
0.56 , 0.39 , 5.57 , 8.01
0.631 , 0.78 , 5.89 , 7.69
0.7010000000000001 , 2.2800000000000002 , 6.12 , 10.28
0.771 , 2.12 , 5.96 , 9.5
0.84 , 1.81 , 5.73 , 7.930000000000001
0.911 , 1.41 , 5.0200000000000005 , 4.32
0.98 , 2.59 , 3.37 , 5.42
1.051 , 3.92 , 2.83 , 10.52
1.12 , 2.35 , 2.12 , 11.540000000000001
1.19 , 7.3 , 2.59 , 12.790000000000001
1.26 , 11.3 , 2.5100000000000002 , 11.620000000000001
1.33 , 10.36 , 1.73 , 7.7700000000000005
1.4000000000000001 , 9.18 , 2.2800000000000002 , 6.44
1.47 , 8.48 , 2.2 , 4.94
1.541 , 7.140000000000001 , 3.22 , 3.14
1.61 , 5.0200000000000005 , 3.45 , 1.26
1.68 , 2.83 , 3.3000000000000003 , -0.24
1.75 , -0.16 , 3.06 , -0.9400000000000001
1.82 , 0.39 , 3.14 , 1.8800000000000001
1.8900000000000001 , -1.41 , 1.33 , 6.83
1.96 , -0.71 , 0.16 , 14.68
2.0300000000000002 , 6.04 , 0.24 , 17.11
2.1 , 9.97 , -0.47000000000000003 , 14.52
2.17 , 12.09 , -1.6500000000000001 , 13.18
2.24 , 13.26 , -2.5100000000000002 , 11.85
2.31 , 13.26 , -2.43 , 9.73
2.38 , 11.540000000000001 , -2.2800000000000002 , 7.3
2.451 , 9.34 , -1.18 , 3.77
2.52 , 5.89 , 0.39 , 0.16
2.59 , 2.9 , 1.6500000000000001 , -1.73
2.66 , 1.81 , 3.37 , -1.73
2.73 , -0.08 , 4.0 , 0.47000000000000003
2.8000000000000003 , -2.12 , 2.83 , 4.71
2.87 , -2.59 , 1.6500000000000001 , 12.09
2.94 , 0.9400000000000001 , 0.9400000000000001 , 14.83
3.012 , 5.73 , 0.08 , 15.07
3.08 , 9.73 , -1.73 , 14.52
3.1510000000000002 , 13.18 , -2.75 , 14.83
3.22 , 13.66 , -3.22 , 13.11
3.29 , 12.950000000000001 , -2.75 , 9.57
3.36 , 9.34 , -1.73 , 5.49
3.431 , 7.69 , -0.16 , 1.8800000000000001
3.5 , 6.04 , 1.49 , 0.47000000000000003
3.5700000000000003 , 2.43 , 2.2 , -1.49
3.641 , 1.81 , 3.22 , -0.63
3.71 , -0.9400000000000001 , 3.77 , 0.55
3.7800000000000002 , -3.3000000000000003 , 2.83 , 5.34
3.85 , -2.5100000000000002 , 2.2800000000000002 , 11.540000000000001
3.92 , -0.71 , 1.49 , 13.34
3.99 , 4.0 , 0.16 , 14.83
4.0600000000000005 , 9.5 , -0.78 , 15.23
4.131 , 11.14 , -2.04 , 14.83
4.2 , 12.16 , -2.5100000000000002 , 12.790000000000001
4.2700000000000005 , 12.71 , -2.43 , 9.81
4.34 , 12.24 , -2.2800000000000002 , 6.91
4.4110000000000005 , 9.97 , -1.49 , 4.32
4.48 , 7.7700000000000005 , -0.24 , 1.73
4.551 , 3.61 , 0.9400000000000001 , -1.02
4.62 , 1.8800000000000001 , 2.43 , -1.57
4.69 , -0.31 , 3.77 , 0.24
4.761 , -1.41 , 3.85 , 4.16
4.831 , -1.8800000000000001 , 3.92 , 7.61
4.9 , -2.2 , 2.5100000000000002 , 9.42
4.97 , -0.71 , 1.18 , 13.18
5.04 , 6.67 , 0.78 , 19.54
5.11 , 7.140000000000001 , 0.39 , 15.620000000000001
5.18 , 9.1 , -0.55 , 13.89
5.25 , 11.22 , -1.57 , 10.99
5.321 , 11.69 , -1.41 , 8.55
5.39 , 11.22 , -1.1 , 5.73
5.46 , 8.71 , -0.24 , 3.22
5.531 , 6.59 , 1.18 , 2.04
5.6000000000000005 , 3.22 , 2.5100000000000002 , 0.55
5.67 , 0.63 , 3.5300000000000002 , 0.0
5.74 , -0.86 , 3.92 , 1.41
5.8100000000000005 , -1.81 , 3.85 , 4.94
5.88 , -3.92 , 3.37 , 8.32
5.9510000000000005 , -0.16 , 2.35 , 13.5
6.0200000000000005 , 5.73 , 1.81 , 15.85
6.09 , 8.63 , 1.33 , 15.07
6.16 , 10.120000000000001 , 0.31 , 13.73
6.23 , 11.77 , -0.16 , 12.24
6.3 , 12.870000000000001 , -0.08 , 9.81
6.37 , 10.91 , -0.39 , 6.91
6.44 , 8.48 , -0.31 , 4.39
6.51 , 6.2 , 0.55 , 2.2800000000000002
6.58 , 3.5300000000000002 , 1.49 , 0.16
6.65 , 1.41 , 2.9 , -2.04
6.72 , -0.63 , 4.0 , 0.24
6.79 , -1.1 , 4.24 , 5.8100000000000005
6.86 , -3.22 , 3.92 , 9.57
6.93 , -2.2 , 2.98 , 13.58
7.0 , 2.59 , 1.96 , 16.01
7.07 , 7.7700000000000005 , 0.63 , 15.3
7.140000000000001 , 13.030000000000001 , -0.63 , 15.07
7.21 , 13.11 , -1.41 , 12.01
7.28 , 11.85 , -1.26 , 7.930000000000001
7.3500000000000005 , 9.5 , -0.55 , 4.32
7.42 , 7.22 , 0.78 , 3.06
7.49 , 5.34 , 2.2 , 2.04
7.5600000000000005 , 2.04 , 3.06 , 0.71
7.63 , 0.39 , 3.92 , 0.71
7.7 , -1.02 , 4.24 , 1.96
7.7700000000000005 , -3.61 , 3.22 , 5.18
7.84 , -3.45 , 2.67 , 10.05
7.91 , 1.33 , 2.35 , 15.23
7.98 , 4.87 , 1.41 , 16.32
8.05 , 9.1 , 0.31 , 15.85
8.120000000000001 , 10.52 , -0.63 , 14.05
8.191 , 12.790000000000001 , -0.86 , 11.93
8.26 , 10.99 , -0.86 , 7.69
8.33 , 9.81 , 0.0 , 4.63
8.4 , 6.59 , 1.41 , 1.73
8.47 , 4.16 , 2.75 , 0.0
8.540000000000001 , 2.2800000000000002 , 3.61 , -0.08
8.61 , 0.47000000000000003 , 4.24 , -0.39
8.68 , -0.71 , 4.0 , 2.35
8.75 , -3.3000000000000003 , 2.98 , 7.61
8.82 , -3.45 , 2.43 , 13.5
8.89 , 1.26 , 2.12 , 14.68
8.96 , 8.24 , 1.8800000000000001 , 16.09
9.03 , 11.07 , 0.55 , 16.09
9.1 , 12.01 , 0.0 , 13.97
9.17 , 9.97 , -0.31 , 9.73
9.24 , 11.22 , 0.0 , 7.38
9.31 , 7.61 , 0.63 , 2.98
9.38 , 6.51 , 2.04 , 0.78
9.450000000000001 , 3.61 , 2.83 , -0.71
9.52 , 1.18 , 3.37 , 0.16
9.59 , -0.86 , 3.37 , 1.73
9.66 , -2.35 , 2.9 , 5.73
9.73 , -1.8800000000000001 , 2.35 , 12.01
9.801 , 0.78 , 2.35 , 14.52
9.870000000000001 , 4.87 , 2.35 , 15.700000000000001
9.94 , 8.24 , 1.6500000000000001 , 16.01
10.01 , 10.28 , 0.47000000000000003 , 14.91
10.08 , 9.57 , -0.16 , 11.38
10.15 , 10.120000000000001 , -0.08 , 8.48
10.22 , 8.4 , 0.24 , 5.42
10.290000000000001 , 7.140000000000001 , 1.41 , 3.5300000000000002
10.36 , 4.63 , 2.59 , 1.18
10.43 , 1.8800000000000001 , 3.37 , 0.71
10.501 , -0.24 , 4.0 , 1.1
10.57 , -0.63 , 4.32 , 3.92
10.64 , -1.33 , 4.16 , 7.69
10.711 , -1.73 , 3.92 , 10.91
10.78 , -0.24 , 3.45 , 13.18
10.85 , 3.14 , 2.83 , 14.52
10.92 , 7.69 , 1.6500000000000001 , 16.01
10.99 , 11.22 , 0.39 , 15.07
11.06 , 12.4 , 0.31 , 11.540000000000001
11.13 , 10.99 , 0.31 , 7.22
11.201 , 9.18 , 0.78 , 4.94
11.27 , 7.140000000000001 , 1.6500000000000001 , 2.5100000000000002
11.34 , 4.63 , 2.5100000000000002 , 1.1
11.41 , 2.5100000000000002 , 2.9 , 0.39
11.48 , -0.39 , 3.3000000000000003 , 0.47000000000000003
11.55 , -2.2800000000000002 , 3.14 , 3.3000000000000003
11.620000000000001 , -3.3000000000000003 , 3.06 , 7.53
11.69 , -0.9400000000000001 , 3.22 , 12.48
11.76 , 2.35 , 3.06 , 14.99
11.831 , 5.65 , 3.22 , 15.77
11.9 , 7.46 , 2.04 , 14.99
11.97 , 10.36 , 1.41 , 14.36
12.040000000000001 , 10.52 , 0.47000000000000003 , 10.52
12.11 , 10.120000000000001 , 0.55 , 8.24
12.18 , 7.8500000000000005 , 1.33 , 4.63
12.25 , 6.44 , 2.12 , 1.8800000000000001
12.32 , 3.45 , 3.69 , 1.1
12.39 , 2.2800000000000002 , 3.69 , -0.78
12.46 , -0.78 , 3.06 , 1.1
12.530000000000001 , -2.83 , 2.35 , 5.65
12.6 , -2.5100000000000002 , 2.43 , 11.93
12.67 , -1.02 , 2.75 , 13.73
12.74 , 2.59 , 2.35 , 15.15
12.81 , 7.7700000000000005 , 1.57 , 17.03
12.88 , 11.93 , 0.24 , 16.64
12.950000000000001 , 11.07 , -0.47000000000000003 , 11.3
13.02 , 10.75 , -0.16 , 8.01
13.09 , 8.63 , 0.47000000000000003 , 5.18
13.16 , 6.59 , 1.41 , 2.98
13.23 , 3.85 , 2.2800000000000002 , 1.41
13.3 , 0.78 , 2.9 , -0.08
13.370000000000001 , -1.02 , 3.37 , 0.71
13.44 , -1.8800000000000001 , 3.37 , 3.92
13.51 , -3.5300000000000002 , 2.5100000000000002 , 8.24
13.58 , -2.98 , 2.12 , 15.38
13.65 , 0.71 , 2.2800000000000002 , 16.01
13.72 , 7.3 , 2.83 , 16.01
13.791 , 10.59 , 1.41 , 15.38
13.86 , 10.36 , 0.0 , 13.030000000000001
13.93 , 10.200000000000001 , -0.08 , 10.120000000000001
14.0 , 8.63 , 0.55 , 6.28
14.07 , 6.75 , 1.33 , 3.22
14.14 , 5.18 , 2.59 , 1.02
14.21 , 2.2800000000000002 , 2.98 , -0.24
14.280000000000001 , 0.39 , 3.3000000000000003 , -0.31
14.35 , -1.96 , 3.69 , 2.83
14.42 , -3.92 , 2.75 , 9.73
14.49 , -1.49 , 2.35 , 14.280000000000001
14.561 , 2.2 , 2.35 , 16.01
14.63 , 5.8100000000000005 , 1.8800000000000001 , 16.25
14.700000000000001 , 9.34 , 1.73 , 16.09
14.77 , 10.59 , 0.78 , 12.64
14.84 , 9.89 , 0.08 , 8.48
14.91 , 9.26 , 0.47000000000000003 , 5.49
14.98 , 7.69 , 1.33 , 3.37
15.05 , 4.24 , 2.2800000000000002 , 0.55
15.120000000000001 , 2.04 , 3.06 , 0.16
15.19 , -0.63 , 3.37 , 0.39
15.261000000000001 , -2.5100000000000002 , 2.9 , 4.32
15.33 , -1.26 , 2.2800000000000002 , 9.89
15.4 , -2.83 , 1.8800000000000001 , 12.64
15.47 , -0.55 , 1.49 , 15.07
15.540000000000001 , 3.61 , 1.1 , 15.77
15.610000000000001 , 9.1 , 0.16 , 16.48
15.68 , 10.99 , 0.0 , 15.46
15.75 , 11.07 , -0.86 , 12.01
15.82 , 9.03 , -0.86 , 8.16
15.89 , 6.59 , -0.16 , 4.24
15.96 , 4.39 , 1.41 , 1.18
16.03 , 2.59 , 2.83 , -0.47000000000000003
16.1 , 1.18 , 3.5300000000000002 , -0.39
16.17 , -1.81 , 3.92 , 1.57
16.240000000000002 , -3.06 , 3.14 , 7.8500000000000005
16.31 , -2.9 , 2.9 , 12.64
16.38 , 0.78 , 2.67 , 14.44
16.45 , 4.16 , 1.26 , 16.56
16.52 , 6.75 , 0.31 , 15.93
16.59 , 10.05 , -0.08 , 14.83
16.66 , 10.120000000000001 , -0.16 , 10.52
16.73 , 9.34 , 0.16 , 6.83
16.8 , 7.7700000000000005 , 1.02 , 4.24
16.87 , 6.04 , 1.96 , 2.5100000000000002
16.94 , 2.43 , 2.35 , 1.1
17.01 , -0.31 , 3.37 , 0.78
17.080000000000002 , -1.26 , 4.47 , 3.77
17.150000000000002 , -1.33 , 4.24 , 5.65
17.22 , -2.9 , 2.9 , 8.16
17.29 , -2.04 , 1.18 , 14.13
17.36 , 2.75 , 0.55 , 15.77
17.43 , 9.81 , 0.24 , 17.27
17.501 , 11.22 , -0.9400000000000001 , 16.32
17.57 , 10.44 , -1.33 , 12.56
17.64 , 10.05 , -0.24 , 8.01
17.71 , 7.69 , 0.55 , 4.47
17.78 , 5.73 , 1.96 , 1.33
17.85 , 2.5100000000000002 , 2.67 , -0.39
17.92 , 1.41 , 3.22 , 0.47000000000000003
17.990000000000002 , 0.31 , 3.69 , 1.02
18.06 , -0.63 , 3.22 , 3.61
18.13 , -3.85 , 1.96 , 11.69
18.201 , -1.6500000000000001 , 1.8800000000000001 , 14.52
18.27 , 4.0 , 2.12 , 15.07
18.34 , 6.67 , 1.1 , 15.3
18.41 , 9.81 , -0.39 , 15.85
18.48 , 9.26 , -1.49 , 13.11
18.55 , 12.09 , -0.16 , 9.34
18.621 , 9.1 , 0.55 , 4.87
18.69 , 7.22 , 1.49 , 1.8800000000000001
18.76 , 4.16 , 1.8800000000000001 , 0.39
18.831 , 1.6500000000000001 , 2.67 , -0.55
18.900000000000002 , 0.16 , 3.61 , 0.31
18.97 , -0.08 , 3.45 , 4.0
19.041 , -1.96 , 2.75 , 8.32
19.11 , -2.83 , 2.75 , 12.64
19.18 , 0.16 , 2.59 , 13.58
19.251 , 4.71 , 1.8800000000000001 , 14.75
19.32 , 8.48 , 0.24 , 17.03
19.39 , 9.65 , -0.71 , 15.38
19.46 , 10.67 , -0.55 , 10.91
19.53 , 9.73 , 0.16 , 6.91
19.6 , 7.46 , 1.02 , 4.79
19.67 , 5.8100000000000005 , 1.8800000000000001 , 2.75
19.740000000000002 , 2.35 , 2.67 , 0.24
19.81 , 0.86 , 3.85 , 0.0
19.881 , -1.1 , 4.32 , 2.2
19.95 , -0.55 , 4.32 , 6.51
20.02 , -2.43 , 3.22 , 9.89
20.09 , -1.49 , 2.43 , 13.66
20.16 , 0.9400000000000001 , 1.81 , 15.38
20.23 , 3.92 , 0.78 , 14.52
20.3 , 10.83 , 0.0 , 16.4
20.37 , 12.01 , -0.55 , 13.34
20.441 , 10.83 , -0.71 , 9.1
20.51 , 9.57 , -0.31 , 5.26
20.580000000000002 , 6.67 , 0.78 , 1.73
20.650000000000002 , 2.75 , 2.2800000000000002 , -0.78
20.72 , 0.63 , 3.69 , -1.02
20.791 , -1.81 , 4.16 , 1.73
20.86 , -2.04 , 3.92 , 6.28
20.93 , -1.57 , 3.3000000000000003 , 10.28
21.0 , 0.39 , 2.5100000000000002 , 13.18
21.07 , 3.14 , 1.57 , 15.23
21.14 , 5.34 , 1.26 , 14.75
21.21 , 6.67 , 0.39 , 13.73
21.28 , 8.63 , 0.08 , 12.71
21.35 , 9.97 , 0.24 , 10.67
21.42 , 9.1 , 0.24 , 7.53
21.490000000000002 , 8.16 , 0.9400000000000001 , 5.18
21.56 , 5.8100000000000005 , 1.49 , 2.59
21.63 , 3.14 , 2.2800000000000002 , 0.31
21.7 , 0.9400000000000001 , 3.3000000000000003 , -0.31
21.77 , -2.43 , 3.37 , 0.9400000000000001
21.84 , -3.14 , 2.2 , 9.18
21.91 , -2.35 , 2.12 , 13.5
21.98 , 1.8800000000000001 , 2.2800000000000002 , 15.46
22.05 , 6.2 , 1.96 , 15.85
22.12 , 8.870000000000001 , 0.9400000000000001 , 15.15
22.19 , 9.5 , -0.24 , 13.89
22.26 , 10.200000000000001 , -0.08 , 10.44
22.330000000000002 , 9.81 , 0.0 , 7.22
22.400000000000002 , 7.8500000000000005 , 0.47000000000000003 , 4.55
22.47 , 5.57 , 1.41 , 2.43
22.54 , 2.43 , 2.2800000000000002 , 0.55
22.61 , 0.0 , 3.37 , 1.02
22.68 , -2.04 , 3.5300000000000002 , 3.92
22.75 , -1.81 , 3.61 , 8.32
22.82 , -1.49 , 2.98 , 12.32
22.89 , -0.71 , 2.35 , 13.58
22.96 , 4.55 , 1.96 , 15.15
23.03 , 7.930000000000001 , 1.1 , 14.83
23.1 , 8.950000000000001 , -0.08 , 13.97
23.17 , 9.89 , -0.16 , 10.83
23.240000000000002 , 9.73 , 0.08 , 8.24
23.31 , 8.24 , 0.78 , 5.65
23.38 , 6.59 , 1.41 , 3.77
23.45 , 4.16 , 2.43 , 1.41
23.52 , 1.02 , 3.14 , -0.08
23.59 , -0.9400000000000001 , 3.77 , 1.81
23.66 , -1.8800000000000001 , 3.5300000000000002 , 5.1000000000000005
23.73 , -2.59 , 3.14 , 10.200000000000001
23.801000000000002 , -0.63 , 2.83 , 14.13
23.87 , 3.06 , 2.67 , 14.75
23.94 , 5.57 , 1.81 , 13.97
24.011 , 8.48 , 0.55 , 15.07
24.080000000000002 , 9.5 , -0.08 , 12.71
24.150000000000002 , 9.65 , -0.16 , 10.05
24.22 , 9.5 , 0.31 , 7.69
24.29 , 7.38 , 0.9400000000000001 , 4.87
24.36 , 5.34 , 1.73 , 2.2800000000000002
24.43 , 1.81 , 2.43 , -0.47000000000000003
24.5 , 0.31 , 3.45 , -0.71
24.57 , -1.02 , 4.0 , 3.3000000000000003
24.64 , -2.59 , 3.45 , 8.55
24.71 , -2.59 , 2.67 , 11.540000000000001
24.78 , -0.08 , 1.73 , 15.38
24.85 , 2.83 , 1.6500000000000001 , 15.540000000000001
24.92 , 7.53 , 1.33 , 16.25
24.990000000000002 , 9.81 , 0.08 , 14.36
25.060000000000002 , 10.44 , -0.55 , 10.91
25.13 , 9.57 , -0.16 , 7.140000000000001
25.201 , 8.24 , 0.55 , 5.1000000000000005
25.27 , 6.2 , 1.57 , 2.98
25.34 , 3.37 , 2.35 , 1.1
25.41 , 1.1 , 2.98 , 0.24
25.48 , -1.57 , 3.37 , 1.6500000000000001
25.55 , -1.41 , 3.37 , 6.51
25.621000000000002 , -3.06 , 2.59 , 11.620000000000001
25.691 , -0.39 , 2.2 , 14.200000000000001
25.76 , 4.08 , 2.43 , 15.46
25.830000000000002 , 5.65 , 1.49 , 16.4
25.901 , 7.140000000000001 , 0.24 , 15.07
25.97 , 9.1 , -0.08 , 11.77
26.04 , 9.97 , 0.55 , 8.950000000000001
26.11 , 8.24 , 0.71 , 5.0200000000000005
26.18 , 6.36 , 1.49 , 2.67
26.25 , 3.77 , 2.59 , 1.33
26.321 , 1.57 , 3.61 , 1.33
26.39 , -0.08 , 4.24 , 2.35
26.46 , -1.49 , 4.08 , 5.1000000000000005
26.53 , -2.75 , 3.45 , 7.38
26.6 , -1.26 , 2.59 , 12.24
26.67 , 0.63 , 2.12 , 13.81
26.740000000000002 , 4.0 , 1.41 , 15.38
26.810000000000002 , 7.930000000000001 , 0.24 , 17.5
26.88 , 9.03 , -0.16 , 13.81
26.95 , 9.03 , -0.24 , 10.91
27.02 , 8.32 , 0.78 , 7.46
27.09 , 7.3 , 1.6500000000000001 , 4.63
27.16 , 6.04 , 2.5100000000000002 , 2.2
27.23 , 3.5300000000000002 , 2.83 , 0.55
27.3 , 1.49 , 3.5300000000000002 , 0.47000000000000003
27.37 , -0.24 , 4.08 , 2.59
27.44 , 0.16 , 4.24 , 6.28
27.51 , -1.1 , 3.85 , 8.790000000000001
27.580000000000002 , -0.9400000000000001 , 2.9 , 13.030000000000001
27.650000000000002 , 0.9400000000000001 , 2.75 , 13.66
27.72 , 4.24 , 1.41 , 15.07
27.79 , 8.08 , 0.47000000000000003 , 15.93
27.86 , 8.870000000000001 , 0.08 , 12.950000000000001
27.93 , 8.55 , 0.16 , 10.05
28.0 , 7.8500000000000005 , 0.86 , 7.69
28.07 , 7.61 , 1.96 , 5.73
28.14 , 6.36 , 2.59 , 3.3000000000000003
28.211000000000002 , 3.14 , 2.83 , 0.71
28.28 , 1.33 , 3.22 , 0.31
28.35 , -1.33 , 3.22 , 0.9400000000000001
28.42 , -1.6500000000000001 , 3.06 , 4.94
28.490000000000002 , -3.45 , 2.04 , 9.97
28.560000000000002 , -0.55 , 1.96 , 16.79
28.631 , 2.59 , 1.8800000000000001 , 18.68
28.7 , 7.140000000000001 , 1.18 , 16.87
28.77 , 9.5 , 0.39 , 14.200000000000001
28.841 , 9.73 , -0.08 , 9.89
28.91 , 8.790000000000001 , 0.31 , 6.59
28.98 , 7.930000000000001 , 1.02 , 3.45
29.051000000000002 , 5.1000000000000005 , 1.81 , 0.55
29.12 , 1.8800000000000001 , 2.83 , -0.47000000000000003
29.19 , -0.31 , 3.45 , 1.73
29.26 , -1.1 , 3.3000000000000003 , 5.96
29.330000000000002 , -3.06 , 2.35 , 9.03
29.400000000000002 , -1.33 , 2.2 , 13.97
29.47 , 2.35 , 2.2800000000000002 , 15.93
29.54 , 5.42 , 2.35 , 15.46
29.61 , 7.53 , 1.1 , 15.540000000000001
29.68 , 8.24 , 0.0 , 13.11
29.75 , 8.870000000000001 , 0.08 , 9.73
29.82 , 9.5 , 1.18 , 5.96
29.89 , 8.08 , 1.6500000000000001 , 4.08
29.96 , 5.89 , 1.8800000000000001 , 1.33
30.03 , 2.98 , 2.5100000000000002 , 0.78
30.1 , 0.86 , 3.37 , 1.33
30.17 , -1.57 , 3.22 , 2.83
30.240000000000002 , -1.8800000000000001 , 2.2800000000000002 , 6.75
30.310000000000002 , -1.8800000000000001 , 1.6500000000000001 , 11.3
30.38 , -0.08 , 2.2 , 15.15
30.45 , 1.96 , 2.5100000000000002 , 15.93
30.52 , 4.24 , 1.73 , 14.68
30.59 , 6.67 , 0.86 , 14.280000000000001
30.66 , 8.32 , 0.08 , 12.4
30.731 , 9.26 , -0.16 , 9.34
30.8 , 9.57 , 0.16 , 8.01
30.87 , 8.08 , 0.78 , 5.96
30.94 , 5.73 , 1.18 , 3.06
31.01 , 2.2800000000000002 , 2.2 , 0.0
31.080000000000002 , 0.16 , 3.14 , 0.9400000000000001
31.151 , -2.2 , 3.06 , 3.06
31.220000000000002 , -1.73 , 3.37 , 7.69
31.29 , -3.06 , 2.43 , 11.69
31.36 , -0.55 , 2.2 , 14.99
31.431 , 1.73 , 1.96 , 14.6
31.5 , 5.49 , 1.33 , 14.280000000000001
31.57 , 7.3 , 0.63 , 15.85
31.641000000000002 , 8.32 , -0.24 , 13.42
31.71 , 9.42 , 0.31 , 11.07
31.78 , 7.930000000000001 , 0.24 , 7.140000000000001
31.85 , 6.83 , 0.9400000000000001 , 3.92
31.921 , 4.16 , 2.04 , 1.02
31.990000000000002 , 1.26 , 3.3000000000000003 , -0.24
32.06 , -0.39 , 4.24 , 1.1
32.13 , -0.71 , 4.39 , 5.1000000000000005
32.2 , -2.59 , 3.5300000000000002 , 8.790000000000001
32.27 , -1.96 , 2.98 , 10.75
32.341 , 0.16 , 2.35 , 12.09
32.410000000000004 , 2.43 , 1.8800000000000001 , 14.99
32.480000000000004 , 7.8500000000000005 , 1.33 , 19.23
32.55 , 9.26 , 0.55 , 14.91
32.62 , 9.73 , 0.31 , 11.22
32.69 , 9.57 , 0.86 , 8.48
32.76 , 9.34 , 1.6500000000000001 , 5.65
32.83 , 6.83 , 2.2800000000000002 , 2.98
32.9 , 3.37 , 2.67 , 1.33
32.97 , 0.86 , 3.14 , 0.0
33.04 , -1.57 , 3.37 , 1.57
33.11 , -1.96 , 2.98 , 3.92
33.18 , -2.2 , 2.5100000000000002 , 8.48
33.25 , -1.33 , 2.35 , 14.83
33.32 , 0.39 , 2.75 , 17.580000000000002
33.39 , 4.16 , 2.67 , 15.93
33.46 , 7.46 , 1.26 , 15.38
33.53 , 9.42 , -0.08 , 13.030000000000001
33.6 , 9.97 , 0.16 , 10.120000000000001
33.67 , 9.42 , 0.39 , 6.75
33.74 , 9.34 , 1.18 , 5.0200000000000005
33.81 , 6.83 , 1.6500000000000001 , 2.2800000000000002
33.88 , 3.77 , 2.2 , 2.2
33.95 , 0.39 , 3.5300000000000002 , 1.33
34.02 , -1.73 , 4.24 , 2.59
34.091 , -1.33 , 4.0 , 4.87
34.160000000000004 , -2.43 , 3.22 , 7.69
34.230000000000004 , -2.59 , 1.96 , 13.81
34.301 , 0.55 , 2.67 , 16.01
34.37 , 3.85 , 2.35 , 14.91
34.44 , 6.98 , 0.9400000000000001 , 14.75
34.51 , 9.26 , -0.08 , 14.6
34.58 , 9.18 , -0.55 , 11.46
34.65 , 9.97 , 0.0 , 9.03
34.72 , 8.55 , 0.63 , 5.26
34.791000000000004 , 6.83 , 1.73 , 3.45
34.86 , 4.32 , 2.75 , 0.47000000000000003
34.93 , 0.78 , 3.45 , -1.41
35.0 , -2.59 , 3.06 , -0.31
35.07 , -4.63 , 2.59 , 3.69
35.14 , -5.89 , 2.67 , 12.24
35.21 , -3.06 , 6.04 , 16.09
35.28 , 4.24 , 9.97 , 15.93
35.35 , -1.26 , 6.83 , 11.46
35.42 , -0.71 , 5.34 , 8.950000000000001
35.49 , 0.63 , 4.08 , 7.38
35.56 , 0.16 , 2.43 , 6.51
35.63 , -0.71 , 3.45 , 9.57
35.7 , 1.81 , 4.24 , 10.200000000000001
35.77 , 0.55 , 4.16 , 9.18
35.84 , 1.41 , 3.3000000000000003 , 8.950000000000001
35.910000000000004 , 0.9400000000000001 , 3.85 , 8.71
35.980000000000004 , 0.86 , 4.08 , 8.48
36.050000000000004 , 1.02 , 4.32 , 8.16
36.12 , 0.24 , 3.92 , 9.57
36.19 , -0.08 , 3.5300000000000002 , 9.34
36.26 , 0.39 , 4.0 , 9.03
36.33 , 0.78 , 4.87 , 8.4
36.4 , 0.39 , 4.16 , 8.950000000000001
36.47 , 1.02 , 4.47 , 7.7700000000000005
36.54 , 0.31 , 4.24 , 8.63
36.611000000000004 , 0.63 , 5.0200000000000005 , 8.4
36.68 , 0.24 , 4.87 , 8.790000000000001
36.75 , 1.1 , 5.0200000000000005 , 8.48
36.82 , 0.63 , 4.87 , 8.63
36.89 , 0.39 , 5.1000000000000005 , 8.55
36.96 , 0.71 , 5.18 , 8.4
37.03 , 1.26 , 5.26 , 7.8500000000000005
37.1 , 0.78 , 5.18 , 7.930000000000001
37.17 , 0.86 , 5.26 , 8.4
37.24 , 0.78 , 5.26 , 8.08
37.31 , 0.63 , 5.42 , 8.32
37.38 , 0.71 , 5.34 , 8.16
37.45 , 0.55 , 5.57 , 8.01
37.52 , 0.71 , 5.42 , 8.16
37.59 , 0.55 , 5.57 , 8.4
37.660000000000004 , 0.55 , 5.49 , 8.08
37.730000000000004 , 0.71 , 5.42 , 8.48
37.800000000000004 , 0.63 , 5.34 , 8.08
37.87 , 0.78 , 5.42 , 8.01
37.94 , 0.86 , 5.34 , 8.4
38.011 , 0.9400000000000001 , 5.1000000000000005 , 8.24
38.08 , 0.86 , 5.34 , 8.4
38.151 , 0.63 , 5.8100000000000005 , 7.7700000000000005
38.221000000000004 , 0.24 , 5.96 , 7.8500000000000005
38.29 , 0.31 , 5.65 , 7.8500000000000005
38.361000000000004 , 1.33 , 4.87 , 7.46
38.431 , 0.86 , 5.65 , 7.930000000000001
38.502 , 0.16 , 6.36 , 7.53
38.571 , -0.71 , 7.53 , 7.0600000000000005
38.641 , -0.9400000000000001 , 7.61 , 7.0600000000000005
38.711 , -0.71 , 7.38 , 6.28
38.78 , -0.9400000000000001 , 7.46 , 6.28
38.851 , -0.9400000000000001 , 7.61 , 6.51
38.921 , -0.9400000000000001 , 7.53 , 6.51
38.992 , -1.26 , 7.61 , 5.57
39.061 , -1.02 , 7.69 , 6.44
39.131 , -1.26 , 7.7700000000000005 , 5.8100000000000005
39.2 , -1.1 , 7.7700000000000005 , 6.36
39.27 , -1.6500000000000001 , 7.69 , 7.38
39.34 , -1.18 , 7.0600000000000005 , 7.46
39.410000000000004 , -0.24 , 5.89 , 7.3
39.480000000000004 , 0.39 , 5.89 , 7.46
39.550000000000004 , 1.02 , 5.57 , 7.69
39.62 , 0.39 , 5.65 , 8.01
39.69 , 0.39 , 5.96 , 8.55
39.76 , 0.08 , 5.73 , 8.01
39.831 , 0.24 , 5.42 , 7.8500000000000005
39.901 , 0.16 , 6.28 , 8.01
39.971000000000004 , 0.08 , 6.04 , 7.7700000000000005
40.044000000000004 , 0.31 , 5.57 , 7.8500000000000005
40.111000000000004 , 0.39 , 6.12 , 7.69
40.181 , 0.63 , 6.04 , 7.69
40.25 , 0.31 , 5.89 , 7.7700000000000005
40.321 , 0.31 , 5.89 , 8.63
40.39 , 0.24 , 5.65 , 7.53
40.462 , 0.63 , 5.8100000000000005 , 8.08
40.534 , 0.55 , 5.96 , 7.8500000000000005
40.601 , 0.55 , 5.8100000000000005 , 7.7700000000000005
40.67 , 0.39 , 5.96 , 7.930000000000001
40.741 , 0.47000000000000003 , 5.8100000000000005 , 7.69
40.81 , 0.39 , 5.89 , 7.8500000000000005
40.881 , 0.55 , 5.8100000000000005 , 7.930000000000001
40.95 , 0.31 , 5.89 , 7.53
41.022 , 0.39 , 5.8100000000000005 , 7.8500000000000005
41.091 , 0.39 , 5.73 , 7.8500000000000005
41.161 , 0.47000000000000003 , 5.73 , 8.01
41.232 , 0.9400000000000001 , 5.89 , 8.24
41.300000000000004 , 1.02 , 5.73 , 7.53
41.371 , 1.18 , 5.8100000000000005 , 8.48
41.44 , 1.26 , 5.89 , 8.01
41.511 , 1.02 , 5.57 , 8.01
41.581 , 1.02 , 5.89 , 7.8500000000000005
41.651 , 0.78 , 5.73 , 8.01
41.721000000000004 , 0.31 , 5.49 , 8.01
41.791000000000004 , 0.63 , 5.57 , 8.01
41.861000000000004 , 0.55 , 5.42 , 7.930000000000001
41.931 , 0.71 , 5.18 , 8.55
42.001 , 1.18 , 5.18 , 8.950000000000001
42.071 , 1.41 , 4.47 , 8.01
42.141 , 0.78 , 5.73 , 8.870000000000001
42.212 , 1.33 , 5.0200000000000005 , 7.69
42.28 , 0.9400000000000001 , 5.42 , 8.16
42.351 , 0.63 , 5.8100000000000005 , 8.32
42.42 , 0.78 , 5.42 , 8.790000000000001
42.491 , 1.18 , 5.26 , 7.930000000000001
42.561 , 1.57 , 4.71 , 7.61
42.632 , 1.41 , 5.26 , 8.55
42.701 , 1.41 , 5.0200000000000005 , 8.32
42.77 , 0.9400000000000001 , 5.0200000000000005 , 8.16
42.841 , 1.26 , 4.63 , 8.24
42.912 , 0.47000000000000003 , 5.34 , 8.01
42.981 , 0.16 , 5.8100000000000005 , 8.48
43.052 , 0.31 , 5.57 , 8.63
43.121 , 0.47000000000000003 , 4.94 , 8.4
43.192 , 0.55 , 5.18 , 7.930000000000001
43.262 , 0.55 , 5.42 , 8.32
43.331 , 0.55 , 5.42 , 8.48
43.401 , 0.63 , 5.18 , 8.48
43.47 , 0.16 , 5.57 , 7.8500000000000005
43.54 , -0.08 , 5.8100000000000005 , 8.24
43.611000000000004 , 0.0 , 5.57 , 8.32
43.681 , 0.24 , 5.34 , 7.8500000000000005
43.751 , 0.08 , 5.57 , 7.930000000000001
43.821 , 0.0 , 5.73 , 8.48
43.892 , 0.08 , 5.42 , 8.16
43.961 , -0.08 , 5.65 , 8.32
44.031 , 0.16 , 5.49 , 8.08
44.102000000000004 , 0.08 , 5.57 , 8.24
44.171 , 0.16 , 5.49 , 8.32
44.241 , 0.16 , 5.57 , 8.08
44.311 , 0.16 , 5.49 , 8.08
44.381 , 0.16 , 5.65 , 8.01
44.451 , 0.16 , 5.49 , 8.24
44.52 , 0.24 , 5.49 , 8.16
44.591 , 0.08 , 5.57 , 8.24
44.660000000000004 , 0.16 , 5.49 , 8.32
44.731 , 0.16 , 5.57 , 8.08
44.801 , 0.16 , 5.57 , 8.16
44.87 , 0.24 , 5.49 , 8.16
44.941 , 0.08 , 5.57 , 7.930000000000001
45.011 , 0.08 , 5.73 , 8.16
45.081 , 0.16 , 5.65 , 8.08
45.151 , 0.08 , 5.65 , 8.01
45.22 , 0.16 , 5.57 , 8.08
45.291000000000004 , 0.08 , 5.65 , 8.16
45.361000000000004 , 0.16 , 5.65 , 8.01
45.431000000000004 , 0.16 , 5.57 , 7.930000000000001
45.501 , 0.16 , 5.65 , 8.08
45.571 , 0.08 , 5.65 , 8.16
45.642 , 0.0 , 5.73 , 8.08
45.712 , 0.16 , 5.57 , 8.16
45.78 , 0.0 , 5.65 , 8.16
45.851 , 0.08 , 5.57 , 8.32
45.921 , 0.16 , 5.57 , 8.01
45.991 , 0.16 , 5.57 , 8.08
46.061 , 0.08 , 5.57 , 8.16
46.132 , 0.16 , 5.65 , 8.08
46.202 , 0.16 , 5.57 , 8.08
46.271 , 0.08 , 5.73 , 8.01
46.341 , 0.0 , 5.73 , 8.01
46.411 , 0.16 , 5.57 , 8.01
46.480000000000004 , 0.16 , 5.57 , 8.16
46.551 , -0.08 , 5.73 , 8.08
46.621 , 0.08 , 5.65 , 8.08
46.691 , 0.08 , 5.73 , 8.08
46.762 , 0.08 , 5.57 , 8.32
46.832 , 0.0 , 5.65 , 8.08
46.901 , 0.08 , 5.65 , 8.16
46.971000000000004 , 0.08 , 5.65 , 8.08
47.042 , 0.08 , 5.57 , 8.08
47.112 , 0.08 , 5.73 , 8.08
47.181000000000004 , 0.0 , 5.65 , 8.16
47.251 , 0.08 , 5.65 , 8.01
47.322 , 0.16 , 5.65 , 8.16
47.391 , 0.08 , 5.57 , 8.16
47.461 , 0.08 , 5.57 , 8.08
47.53 , 0.08 , 5.65 , 8.16
47.602000000000004 , 0.16 , 5.57 , 7.930000000000001
47.671 , 0.24 , 5.57 , 8.24
47.742000000000004 , 0.08 , 5.65 , 8.01
47.811 , 0.0 , 5.57 , 8.4
47.88 , 0.16 , 5.57 , 8.01
47.951 , 0.08 , 5.65 , 8.08
48.02 , 0.08 , 5.57 , 8.16
48.091 , 0.24 , 5.57 , 8.16
48.161 , 0.0 , 5.65 , 8.16
48.232 , 0.08 , 5.57 , 8.16
48.301 , 0.16 , 5.57 , 8.16
48.371 , 0.16 , 5.57 , 7.930000000000001
48.441 , 0.0 , 5.73 , 8.16
48.511 , 0.16 , 5.49 , 8.16
48.581 , 0.08 , 5.57 , 8.24
48.652 , -0.08 , 5.73 , 8.32
48.722 , 0.16 , 5.57 , 7.930000000000001
48.792 , 0.16 , 5.65 , 8.08
48.861000000000004 , 0.08 , 5.65 , 8.16
48.931000000000004 , 0.0 , 5.65 , 8.16
49.001 , 0.08 , 5.57 , 8.32
49.071 , 0.0 , 5.57 , 8.16
49.141 , 0.08 , 5.57 , 8.01
49.211 , 0.08 , 5.65 , 8.24
49.281 , 0.16 , 5.57 , 7.930000000000001
49.351 , 0.08 , 5.57 , 8.24
49.421 , 0.08 , 5.65 , 7.930000000000001
49.491 , 0.16 , 5.65 , 8.08
49.561 , 0.08 , 5.65 , 8.01
49.632 , 0.08 , 5.65 , 8.16
49.701 , 0.08 , 5.65 , 8.08
49.771 , -0.24 , 6.12 , 8.790000000000001
49.842 , -0.16 , 6.28 , 7.7700000000000005
49.910000000000004 , 0.9400000000000001 , 5.34 , 8.48
49.981 , -0.08 , 5.89 , 8.24
50.052 , 0.08 , 5.96 , 8.55
50.121 , 0.9400000000000001 , 5.42 , 7.930000000000001
50.192 , 1.1 , 4.94 , 7.46
50.262 , 1.41 , 4.55 , 7.7700000000000005
50.332 , 1.57 , 5.18 , 7.8500000000000005
50.4 , 1.73 , 5.49 , 8.01
50.471000000000004 , 2.12 , 4.94 , 7.8500000000000005
50.541000000000004 , 2.2800000000000002 , 3.77 , 8.63
50.611000000000004 , 1.73 , 3.69 , 9.03
50.681000000000004 , 1.33 , 3.5300000000000002 , 8.63
50.752 , 1.6500000000000001 , 3.45 , 9.5
50.821 , 1.18 , 4.47 , 9.03
50.891 , 1.8800000000000001 , 3.45 , 9.42
50.961 , 2.43 , 3.3000000000000003 , 9.34
51.031 , 2.04 , 4.0 , 9.03
51.101 , 1.8800000000000001 , 3.77 , 8.950000000000001
51.171 , 1.6500000000000001 , 3.85 , 8.24
51.242000000000004 , 1.73 , 3.85 , 9.03
51.312 , 1.8800000000000001 , 3.92 , 8.950000000000001
51.38 , 1.81 , 3.85 , 8.71
51.451 , 1.57 , 4.0 , 8.71
51.52 , 1.73 , 3.85 , 9.03
51.591 , 1.73 , 3.85 , 8.950000000000001
51.661 , 1.8800000000000001 , 3.77 , 8.71
51.731 , 1.8800000000000001 , 3.69 , 8.870000000000001
51.802 , 1.96 , 3.77 , 8.71
51.871 , 1.96 , 3.69 , 8.950000000000001
51.941 , 1.81 , 3.85 , 8.790000000000001
52.012 , 1.73 , 3.92 , 8.71
52.081 , 1.81 , 3.77 , 8.870000000000001
52.151 , 1.81 , 3.85 , 8.63
52.221000000000004 , 1.81 , 3.92 , 8.950000000000001
52.291000000000004 , 1.8800000000000001 , 3.77 , 8.950000000000001
52.361000000000004 , 1.96 , 3.77 , 8.870000000000001
52.431000000000004 , 1.73 , 3.85 , 8.790000000000001
52.5 , 1.81 , 3.85 , 8.790000000000001
52.57 , 1.8800000000000001 , 3.92 , 8.950000000000001
52.641 , 1.8800000000000001 , 3.77 , 8.48
52.711 , 1.8800000000000001 , 3.77 , 8.950000000000001
52.781 , 1.73 , 3.92 , 8.870000000000001
52.852000000000004 , 1.81 , 3.92 , 8.71
52.921 , 1.8800000000000001 , 3.77 , 8.950000000000001
52.991 , 1.6500000000000001 , 3.92 , 8.950000000000001
53.062 , 1.8800000000000001 , 3.85 , 8.790000000000001
53.131 , 1.81 , 4.0 , 8.950000000000001
53.201 , 1.8800000000000001 , 3.92 , 8.55
53.271 , 1.8800000000000001 , 3.85 , 8.790000000000001
53.341 , 1.81 , 4.08 , 8.870000000000001
53.411 , 1.96 , 3.85 , 8.63
53.481 , 1.8800000000000001 , 3.85 , 8.950000000000001
53.552 , 1.8800000000000001 , 3.85 , 8.790000000000001
53.621 , 1.6500000000000001 , 4.0 , 9.03
53.691 , 1.96 , 3.77 , 8.71
53.762 , 1.8800000000000001 , 3.92 , 8.950000000000001
53.831 , 1.8800000000000001 , 3.85 , 8.71
53.902 , 1.73 , 4.0 , 8.790000000000001
53.97 , 1.8800000000000001 , 3.92 , 8.790000000000001
54.041000000000004 , 1.8800000000000001 , 3.92 , 8.71
54.112 , 1.8800000000000001 , 3.85 , 8.790000000000001
54.18 , 1.81 , 4.0 , 8.790000000000001
54.321 , 2.04 , 3.77 , 8.790000000000001
54.392 , 1.73 , 4.0 , 8.870000000000001
54.46 , 1.81 , 3.92 , 8.71
54.531 , 1.96 , 3.77 , 8.950000000000001
54.601 , 1.81 , 4.08 , 8.71
54.671 , 1.8800000000000001 , 3.92 , 8.870000000000001
54.741 , 1.96 , 3.92 , 8.870000000000001
54.812 , 1.81 , 4.0 , 8.71
54.881 , 1.8800000000000001 , 3.92 , 8.71
54.951 , 1.8800000000000001 , 4.08 , 8.71
55.021 , 1.96 , 3.85 , 8.790000000000001
55.092 , 1.8800000000000001 , 4.0 , 8.71
55.161 , 1.81 , 3.92 , 8.71
55.232 , 1.8800000000000001 , 4.08 , 8.63
55.301 , 1.8800000000000001 , 3.92 , 8.71
55.371 , 1.81 , 4.0 , 8.870000000000001
55.441 , 1.81 , 3.92 , 8.790000000000001
55.511 , 1.73 , 3.92 , 8.870000000000001
55.581 , 1.96 , 4.0 , 8.63
55.651 , 1.96 , 3.85 , 8.870000000000001
55.765 , 1.81 , 4.0 , 8.71
55.83 , 1.8800000000000001 , 4.0 , 8.71
55.9 , 1.81 , 4.0 , 8.790000000000001
55.97 , 1.96 , 3.92 , 8.63
56.041000000000004 , 1.81 , 4.0 , 8.71
56.112 , 1.81 , 4.16 , 8.63
56.181000000000004 , 1.81 , 4.0 , 8.63
56.252 , 1.8800000000000001 , 4.08 , 8.790000000000001
56.322 , 1.8800000000000001 , 4.0 , 8.790000000000001
56.392 , 1.73 , 4.08 , 8.63
56.461 , 1.81 , 4.08 , 8.870000000000001
56.531 , 1.81 , 4.08 , 8.63
56.601 , 1.8800000000000001 , 4.08 , 8.71
56.671 , 1.8800000000000001 , 4.0 , 8.790000000000001
56.742000000000004 , 1.73 , 4.08 , 8.63
56.811 , 1.81 , 4.0 , 8.870000000000001
56.881 , 1.73 , 4.16 , 8.71
56.951 , 1.81 , 4.0 , 8.63
57.021 , 1.8800000000000001 , 4.08 , 8.790000000000001
57.091 , 1.81 , 4.08 , 8.63
57.161 , 1.81 , 4.08 , 8.63
57.232 , 1.8800000000000001 , 4.0 , 8.71
57.302 , 1.81 , 4.0 , 8.790000000000001
57.371 , 1.73 , 4.16 , 8.63
57.441 , 1.81 , 4.08 , 8.790000000000001
57.511 , 1.96 , 4.0 , 8.71
57.581 , 1.73 , 4.08 , 8.71
57.651 , 1.8800000000000001 , 4.0 , 8.790000000000001
57.721000000000004 , 1.81 , 4.16 , 8.790000000000001
57.792 , 1.81 , 4.16 , 8.71
57.862 , 1.81 , 4.08 , 8.63
57.932 , 1.81 , 4.08 , 8.790000000000001
58.0 , 1.73 , 4.16 , 8.63
58.071 , 1.81 , 4.08 , 8.71
58.141 , 1.81 , 4.16 , 8.790000000000001
58.211 , 1.73 , 4.24 , 8.71
58.281 , 1.81 , 4.08 , 8.790000000000001
58.352000000000004 , 1.8800000000000001 , 4.16 , 8.71
58.421 , 1.81 , 4.32 , 8.790000000000001
58.491 , 1.96 , 4.16 , 8.950000000000001
58.561 , 1.96 , 4.16 , 8.48
58.631 , 1.81 , 4.32 , 8.870000000000001
58.701 , 1.8800000000000001 , 4.32 , 8.16
58.771 , 2.04 , 4.71 , 8.4
58.842 , 2.2800000000000002 , 4.55 , 8.870000000000001
58.911 , 2.2800000000000002 , 4.39 , 8.32
58.980000000000004 , 2.2800000000000002 , 4.08 , 8.24
59.051 , 1.73 , 4.24 , 8.24
59.122 , 1.1 , 4.71 , 8.16
59.192 , 1.41 , 4.87 , 9.65
59.261 , 1.1 , 5.49 , 8.4
59.331 , 0.55 , 5.65 , 6.12
59.401 , 1.18 , 5.18 , 8.08
59.471000000000004 , 1.33 , 5.65 , 6.2
59.541000000000004 , 1.18 , 6.36 , 8.4
59.611000000000004 , 0.9400000000000001 , 6.51 , 7.930000000000001
59.68 , 0.08 , 6.04 , 7.61
59.751000000000005 , 0.16 , 6.04 , 8.950000000000001
59.822 , 0.78 , 5.26 , 8.4
59.89 , 0.31 , 5.42 , 7.8500000000000005
59.962 , 0.86 , 5.49 , 8.71
60.03 , 0.39 , 5.8100000000000005 , 8.32
60.101 , 0.78 , 5.57 , 7.53
60.189 , 0.47000000000000003 , 5.89 , 8.01
60.256 , 0.47000000000000003 , 5.96 , 7.7700000000000005
60.32 , 0.39 , 6.04 , 8.01
60.462 , 0.47000000000000003 , 5.96 , 8.16
60.531 , 1.02 , 5.42 , 8.01
60.6 , 0.71 , 5.49 , 8.63
60.671 , 0.71 , 5.65 , 8.08
60.742000000000004 , 0.63 , 5.8100000000000005 , 7.8500000000000005
60.811 , 0.47000000000000003 , 6.04 , 7.69
60.88 , 0.39 , 6.12 , 7.53
60.952 , 0.78 , 5.96 , 7.930000000000001
61.021 , 0.78 , 5.89 , 8.32
61.091 , 0.9400000000000001 , 5.73 , 7.8500000000000005
61.162 , 1.1 , 5.8100000000000005 , 6.51
61.231 , -1.41 , 7.930000000000001 , 6.51
61.301 , -0.9400000000000001 , 7.3 , 7.930000000000001
61.371 , -0.16 , 6.12 , 7.930000000000001
61.44 , 1.41 , 4.87 , 8.790000000000001
61.51 , 0.9400000000000001 , 5.34 , 8.08
61.58 , 0.55 , 5.42 , 7.61
61.65 , 0.71 , 5.18 , 8.16
61.72 , 0.78 , 5.18 , 8.55
61.79 , 0.71 , 5.34 , 7.8500000000000005
61.86 , 0.39 , 5.73 , 7.930000000000001
61.93 , 0.71 , 5.57 , 8.01
62.0 , 0.39 , 5.73 , 8.08
62.07 , 0.47000000000000003 , 5.73 , 7.930000000000001
62.14 , 0.55 , 5.8100000000000005 , 8.01
62.21 , 0.24 , 5.89 , 7.8500000000000005
62.28 , 0.63 , 5.89 , 7.930000000000001
62.35 , 0.39 , 5.8100000000000005 , 7.8500000000000005
62.42 , 0.31 , 5.89 , 8.01
62.49 , 0.39 , 5.89 , 8.01
62.56 , 0.39 , 5.96 , 7.7700000000000005
62.63 , 0.47000000000000003 , 5.89 , 7.69
62.7 , 0.24 , 6.12 , 7.8500000000000005
62.77 , 0.31 , 5.89 , 7.7700000000000005
62.84 , 0.31 , 5.96 , 7.7700000000000005
62.910000000000004 , 0.31 , 6.04 , 7.69
62.980000000000004 , 0.16 , 6.28 , 7.46
63.050000000000004 , 0.31 , 6.04 , 7.930000000000001
63.120000000000005 , 0.24 , 6.12 , 7.7700000000000005
63.190000000000005 , 0.24 , 6.12 , 7.930000000000001
63.26 , 0.24 , 6.12 , 7.8500000000000005
63.33 , 0.31 , 6.12 , 7.61
63.4 , 0.24 , 6.12 , 7.930000000000001
63.47 , 0.39 , 6.12 , 7.7700000000000005
63.54 , 0.31 , 6.12 , 7.61
63.61 , 0.39 , 6.04 , 7.7700000000000005
63.68 , 0.31 , 6.12 , 7.69
63.75 , 0.31 , 6.12 , 7.930000000000001
63.82 , 0.31 , 6.04 , 7.7700000000000005
63.89 , 0.31 , 6.12 , 7.7700000000000005
63.96 , 0.47000000000000003 , 6.12 , 7.930000000000001
64.03 , 0.24 , 6.04 , 7.69
64.1 , 0.39 , 6.12 , 7.69
64.17 , 0.24 , 6.04 , 7.930000000000001
64.24 , 0.39 , 6.04 , 7.7700000000000005
64.31 , 0.31 , 6.12 , 7.7700000000000005
64.38 , 0.39 , 6.04 , 7.69
64.45 , 0.47000000000000003 , 5.96 , 7.8500000000000005
64.52 , 0.55 , 5.96 , 7.930000000000001
64.59100000000001 , 0.47000000000000003 , 5.89 , 7.930000000000001
64.66 , 0.39 , 5.96 , 7.930000000000001
64.73 , 0.55 , 5.89 , 7.8500000000000005
64.8 , 0.55 , 5.96 , 7.8500000000000005
64.87 , 0.39 , 5.8100000000000005 , 7.69
64.94 , 0.47000000000000003 , 5.89 , 8.08
65.01 , 0.55 , 5.73 , 7.8500000000000005
65.08 , 0.39 , 5.89 , 8.08
65.15 , 0.39 , 5.89 , 7.930000000000001
65.22 , 0.47000000000000003 , 5.96 , 7.8500000000000005
65.29 , 0.47000000000000003 , 5.8100000000000005 , 7.8500000000000005
65.36 , 0.39 , 5.8100000000000005 , 7.930000000000001
65.43 , 0.39 , 5.89 , 7.930000000000001
65.5 , 0.47000000000000003 , 5.89 , 7.8500000000000005
65.57000000000001 , 0.39 , 5.89 , 7.930000000000001
65.64 , 0.47000000000000003 , 5.8100000000000005 , 7.930000000000001
65.71000000000001 , 0.39 , 5.89 , 8.01
65.78 , 0.39 , 5.8100000000000005 , 7.930000000000001
65.85 , 0.47000000000000003 , 5.89 , 7.930000000000001
65.92 , 0.39 , 5.8100000000000005 , 7.930000000000001
65.99 , 0.39 , 5.89 , 8.01
66.061 , 0.39 , 5.8100000000000005 , 7.930000000000001
66.131 , 0.55 , 5.8100000000000005 , 7.930000000000001
66.20100000000001 , 0.47000000000000003 , 5.8100000000000005 , 7.8500000000000005
66.271 , 0.39 , 5.8100000000000005 , 8.01
66.34100000000001 , 0.47000000000000003 , 5.8100000000000005 , 8.01
66.411 , 0.39 , 5.8100000000000005 , 8.01
66.481 , 0.47000000000000003 , 5.8100000000000005 , 7.8500000000000005
66.551 , 0.47000000000000003 , 5.8100000000000005 , 8.16
66.62 , 0.39 , 5.8100000000000005 , 7.930000000000001
66.69 , 0.39 , 5.8100000000000005 , 8.01
66.76 , 0.47000000000000003 , 5.8100000000000005 , 7.8500000000000005
66.831 , 0.47000000000000003 , 5.8100000000000005 , 8.01
66.9 , 0.39 , 5.8100000000000005 , 7.930000000000001
66.97 , 0.39 , 5.8100000000000005 , 8.01
67.04 , 0.39 , 5.8100000000000005 , 8.01
67.18 , 0.47000000000000003 , 5.89 , 7.930000000000001
67.25 , 0.47000000000000003 , 5.8100000000000005 , 7.930000000000001
67.32000000000001 , 0.47000000000000003 , 5.8100000000000005 , 7.930000000000001
67.39 , 0.39 , 5.8100000000000005 , 7.8500000000000005
67.46000000000001 , 0.39 , 5.89 , 7.930000000000001
67.53 , 0.47000000000000003 , 5.89 , 7.930000000000001
67.6 , 0.47000000000000003 , 5.96 , 7.930000000000001
67.67 , 0.47000000000000003 , 5.96 , 7.8500000000000005
67.74 , 0.47000000000000003 , 5.89 , 7.930000000000001
67.81 , 0.47000000000000003 , 5.8100000000000005 , 7.930000000000001
67.88 , 0.47000000000000003 , 5.89 , 7.930000000000001
67.95 , 0.47000000000000003 , 5.96 , 7.930000000000001
68.02 , 0.39 , 6.12 , 7.8500000000000005
68.09 , 0.24 , 6.12 , 7.8500000000000005
68.16 , 0.47000000000000003 , 5.89 , 7.8500000000000005
68.23 , 0.0 , 6.36 , 7.46
68.3 , 0.31 , 6.2 , 7.7700000000000005
68.37 , 0.47000000000000003 , 6.04 , 7.69
68.44 , 0.24 , 6.04 , 7.61
68.51 , 0.31 , 6.04 , 7.8500000000000005
68.58 , 0.31 , 6.04 , 7.7700000000000005
68.65 , 0.31 , 6.04 , 7.69
68.72 , 0.24 , 6.12 , 7.7700000000000005
68.79 , 0.16 , 6.04 , 7.53
68.86 , 0.39 , 6.12 , 7.8500000000000005
68.93 , 0.31 , 6.04 , 7.7700000000000005
69.0 , 0.47000000000000003 , 5.89 , 7.69
69.07000000000001 , 0.39 , 5.96 , 7.8500000000000005
69.14 , 0.47000000000000003 , 6.04 , 7.7700000000000005
69.21000000000001 , 0.55 , 6.04 , 7.7700000000000005
69.28 , 0.55 , 5.96 , 7.7700000000000005
69.35000000000001 , 0.55 , 5.89 , 7.46
69.42 , 0.55 , 6.04 , 8.08
69.49 , 0.55 , 5.96 , 7.61
69.56 , 0.47000000000000003 , 6.12 , 7.7700000000000005
69.63 , 0.63 , 5.96 , 7.8500000000000005
69.7 , 0.47000000000000003 , 6.04 , 7.69
69.77 , 0.63 , 5.96 , 7.8500000000000005
69.84 , 0.55 , 5.96 , 7.7700000000000005
69.91 , 0.55 , 5.96 , 7.8500000000000005
70.05 , 0.63 , 5.89 , 8.01
70.12 , 0.63 , 5.89 , 7.8500000000000005
70.19 , 0.63 , 5.96 , 7.7700000000000005
70.26 , 0.71 , 5.89 , 7.7700000000000005
70.33 , 0.55 , 5.96 , 7.7700000000000005
70.4 , 0.55 , 5.89 , 7.8500000000000005
70.47 , 0.55 , 5.96 , 7.930000000000001
70.54 , 0.63 , 5.89 , 7.930000000000001
70.61 , 0.55 , 5.8100000000000005 , 8.01
70.68 , 0.63 , 5.89 , 7.7700000000000005
70.75 , 0.63 , 5.89 , 7.8500000000000005
70.82000000000001 , 0.55 , 5.89 , 7.8500000000000005
70.89 , 0.63 , 5.89 , 7.7700000000000005
70.96000000000001 , 0.63 , 5.96 , 7.8500000000000005
71.03 , 0.55 , 5.89 , 7.7700000000000005
71.10000000000001 , 0.63 , 5.89 , 7.930000000000001
71.17 , 0.55 , 5.89 , 7.8500000000000005
71.24 , 0.55 , 5.89 , 7.930000000000001
71.31 , 0.71 , 5.89 , 7.8500000000000005
71.38 , 0.63 , 5.96 , 7.69
71.45 , 0.55 , 5.96 , 7.7700000000000005
71.52 , 0.55 , 5.89 , 7.8500000000000005
71.59 , 0.63 , 5.96 , 7.8500000000000005
71.66 , 0.55 , 5.96 , 7.930000000000001
71.73 , 0.47000000000000003 , 6.04 , 7.930000000000001
71.8 , 0.47000000000000003 , 5.96 , 7.8500000000000005
71.87 , 0.47000000000000003 , 6.04 , 7.8500000000000005
71.94 , 0.31 , 6.12 , 7.8500000000000005
72.01 , 0.39 , 6.04 , 7.61
72.08 , 0.78 , 5.89 , 7.7700000000000005
72.15 , 0.55 , 5.96 , 7.8500000000000005
72.22 , 0.47000000000000003 , 5.89 , 8.01
72.29 , 0.55 , 5.96 , 7.69
72.36 , 0.78 , 5.96 , 7.53
72.43 , 0.55 , 6.04 , 7.930000000000001
72.5 , 0.55 , 5.89 , 7.8500000000000005
72.57000000000001 , 0.63 , 5.96 , 7.8500000000000005
72.64 , 0.55 , 5.89 , 7.7700000000000005
72.71000000000001 , 0.39 , 6.12 , 7.46
72.78 , 0.55 , 6.04 , 7.7700000000000005
72.85000000000001 , 0.31 , 6.12 , 7.7700000000000005
72.92 , 0.47000000000000003 , 6.04 , 7.8500000000000005
72.99 , 0.39 , 6.2 , 7.7700000000000005
73.06 , 0.31 , 6.2 , 7.53
73.13 , 0.39 , 6.12 , 7.69
73.2 , 0.24 , 6.12 , 7.53
73.27 , 0.55 , 6.04 , 7.53
73.34 , 0.47000000000000003 , 6.04 , 7.61
73.41 , 0.39 , 6.2 , 7.930000000000001
73.48 , 0.55 , 6.04 , 7.3
73.55 , 0.55 , 6.28 , 7.8500000000000005
73.62 , 0.31 , 6.12 , 7.69
73.69 , 0.55 , 6.12 , 7.3
73.76 , 0.55 , 6.04 , 7.46
73.83 , 0.47000000000000003 , 6.2 , 7.69
73.9 , 0.39 , 6.12 , 7.61
73.97 , 0.39 , 6.12 , 7.7700000000000005
74.04 , 0.55 , 6.04 , 7.7700000000000005
74.11 , 0.63 , 5.96 , 7.69
74.18 , 0.55 , 6.12 , 7.7700000000000005
74.25 , 0.47000000000000003 , 6.04 , 7.38
74.32000000000001 , 0.47000000000000003 , 6.12 , 7.8500000000000005
74.39 , 0.55 , 6.04 , 8.08
74.46000000000001 , 0.47000000000000003 , 6.2 , 7.22
74.53 , 0.55 , 6.2 , 7.61
74.60000000000001 , 0.55 , 6.04 , 7.61
74.67 , 0.39 , 6.2 , 7.61
74.74 , 0.47000000000000003 , 6.12 , 7.53
74.811 , 0.47000000000000003 , 6.12 , 7.69
74.881 , 0.55 , 6.04 , 7.61
74.952 , 0.39 , 6.12 , 7.61
75.021 , 0.39 , 6.28 , 7.46
75.092 , 0.39 , 6.2 , 7.61
75.161 , 0.39 , 6.28 , 7.53
75.23 , 0.31 , 6.28 , 7.7700000000000005
75.302 , 0.39 , 6.28 , 7.38
75.37 , 0.31 , 6.36 , 7.46
75.441 , 0.31 , 6.28 , 7.61
75.512 , 0.47000000000000003 , 6.12 , 7.69
75.58 , 0.16 , 6.51 , 7.3
75.65 , 0.16 , 6.44 , 7.930000000000001
75.72 , 0.31 , 6.36 , 7.38
75.79 , 0.0 , 6.67 , 7.53
75.86 , 0.16 , 6.59 , 7.3
75.93 , 0.0 , 6.75 , 7.22
76.0 , -0.08 , 6.91 , 6.83
76.07000000000001 , 0.08 , 6.83 , 6.98
76.14 , -0.16 , 6.83 , 7.140000000000001
76.21000000000001 , 0.08 , 6.75 , 7.38
76.28 , 0.08 , 6.59 , 7.3
76.35000000000001 , 0.0 , 6.59 , 7.22
76.42 , 0.16 , 6.36 , 7.7700000000000005
76.49 , 0.24 , 6.44 , 7.3
76.56 , 0.55 , 5.89 , 7.930000000000001
76.63 , 0.63 , 5.96 , 7.69
76.7 , 1.1 , 5.34 , 7.7700000000000005
76.77 , 0.0 , 6.2 , 7.69
76.84 , -0.16 , 6.04 , 7.7700000000000005
76.91 , -0.47000000000000003 , 6.51 , 7.61
76.98 , 0.0 , 6.04 , 8.01
77.05 , 0.08 , 6.04 , 7.61
77.12 , 0.0 , 6.04 , 7.8500000000000005
77.19 , -0.16 , 6.36 , 7.7700000000000005
77.26 , -0.24 , 6.36 , 7.53
77.33 , -0.24 , 6.51 , 7.38
77.4 , -0.24 , 6.59 , 7.22
77.47 , -0.55 , 6.75 , 7.3
77.54 , -0.31 , 6.59 , 7.3
77.61 , -0.39 , 6.75 , 7.3
77.68 , -0.47000000000000003 , 6.59 , 7.3
77.75 , -0.63 , 6.83 , 7.3
77.82000000000001 , -0.31 , 6.59 , 7.0600000000000005
77.89 , -0.39 , 6.67 , 7.38
77.96000000000001 , -0.39 , 6.59 , 7.38
78.03 , -0.39 , 6.51 , 7.22
78.10000000000001 , -0.39 , 6.67 , 7.46
78.17 , -0.47000000000000003 , 6.59 , 6.98
78.24 , -0.47000000000000003 , 6.59 , 7.53
78.31 , -0.55 , 6.83 , 7.46
78.38 , -0.63 , 6.83 , 7.53
78.45 , -0.71 , 6.75 , 6.98
78.52 , -0.63 , 6.83 , 7.140000000000001
78.59 , -0.39 , 6.51 , 7.38
78.66 , -0.31 , 6.51 , 7.38
78.73 , -0.55 , 6.59 , 7.3
78.8 , -0.39 , 6.51 , 7.3
78.87 , -0.31 , 6.44 , 7.53
78.94 , -0.31 , 6.44 , 7.46
79.08 , -0.31 , 6.44 , 7.53
79.15 , -0.31 , 6.44 , 7.46
79.22 , -0.39 , 6.51 , 7.53
79.29 , -0.31 , 6.36 , 7.38
79.36 , -0.31 , 6.51 , 7.53
79.43 , -0.31 , 6.36 , 7.53
79.5 , -0.31 , 6.36 , 7.61
79.57000000000001 , -0.31 , 6.36 , 7.46
79.64 , -0.31 , 6.51 , 7.53
79.71000000000001 , -0.31 , 6.28 , 7.46
79.78 , -0.31 , 6.44 , 7.53
79.85000000000001 , -0.24 , 6.28 , 7.46
79.92 , -0.39 , 6.44 , 7.61
79.99 , -0.31 , 6.36 , 7.3
80.06 , -0.39 , 6.44 , 7.69
80.13 , -0.39 , 6.36 , 7.46
80.2 , -0.39 , 6.44 , 7.38
80.27 , -0.39 , 6.44 , 7.38
80.34 , -0.31 , 6.44 , 7.46
80.41 , -0.55 , 6.44 , 7.46
80.48 , -0.47000000000000003 , 6.51 , 7.46
80.55 , -0.55 , 6.59 , 7.38
80.62 , -0.47000000000000003 , 6.44 , 7.38
80.69 , -0.47000000000000003 , 6.59 , 7.3
80.76 , -0.63 , 6.59 , 7.38
80.83 , -0.55 , 6.59 , 7.22
80.9 , -0.71 , 6.67 , 7.3
80.97 , -0.78 , 6.75 , 7.38
81.04 , -0.71 , 6.67 , 7.0600000000000005
81.11 , -0.47000000000000003 , 6.59 , 7.53
81.18 , -0.47000000000000003 , 6.44 , 7.46
81.25 , -0.39 , 6.51 , 7.38
81.32000000000001 , -0.47000000000000003 , 6.51 , 7.38
81.39 , -0.39 , 6.51 , 7.46
81.46000000000001 , -0.63 , 6.59 , 7.38
81.53 , -0.47000000000000003 , 6.59 , 7.38
81.60000000000001 , -0.47000000000000003 , 6.59 , 7.3
81.67 , -1.41 , 7.22 , 7.0600000000000005
81.74 , -0.78 , 6.67 , 7.140000000000001
81.81 , -0.16 , 5.89 , 7.930000000000001
81.88 , 0.39 , 5.18 , 8.55
81.95 , 0.71 , 5.1000000000000005 , 7.7700000000000005
82.02 , 0.24 , 5.8100000000000005 , 8.08
82.09 , 0.63 , 5.26 , 8.16
82.16 , 0.63 , 5.65 , 7.930000000000001
82.23 , 0.55 , 5.57 , 8.01
82.3 , 0.24 , 5.96 , 7.53
82.37 , 0.31 , 5.89 , 7.69
82.44 , 0.86 , 5.34 , 8.4
82.51 , 1.18 , 5.1000000000000005 , 8.32
82.58 , 1.57 , 4.39 , 7.53
82.65 , -0.16 , 6.2 , 8.71
82.72 , -1.33 , 6.98 , 7.38
82.79 , -0.16 , 6.04 , 7.69
82.86 , 0.55 , 5.65 , 8.16
82.93 , 0.47000000000000003 , 5.49 , 6.91
83.0 , -0.9400000000000001 , 6.83 , 7.38
83.07000000000001 , -1.02 , 6.67 , 7.38
83.14 , -0.9400000000000001 , 6.67 , 7.53
83.21000000000001 , -1.1 , 6.83 , 6.83
83.281 , -1.41 , 6.98 , 7.140000000000001
83.35000000000001 , -1.26 , 6.91 , 6.75
83.42 , -0.9400000000000001 , 6.75 , 7.38
83.49 , -1.73 , 7.22 , 6.44
83.56 , -1.49 , 7.140000000000001 , 7.0600000000000005
83.63 , -1.73 , 7.22 , 6.83